parent_level,cell_group,cell_annotation,markers
Lineage_markers,Major_cells,Astrocyte,CLU
Lineage_markers,Major_cells,Astrocyte,SLC1A2
Lineage_markers,Major_cells,Astrocyte,SLC1A3
Lineage_markers,Major_cells,Astrocyte,SPARCL1
Lineage_markers,Major_cells,Astrocyte,NTRK2
Lineage_markers,Major_cells,Astrocyte,AQP4
Lineage_markers,Major_cells,Astrocyte,CPE
Lineage_markers,Major_cells,Astrocyte,GLUL
Lineage_markers,Major_cells,Astrocyte,F3
Lineage_markers,Major_cells,Astrocyte,GPM6A
Lineage_markers,Major_cells,Astrocyte,PLPP3
Lineage_markers,Major_cells,Astrocyte,FAM107A
Lineage_markers,Major_cells,Astrocyte,ETNPPL
Lineage_markers,Major_cells,Astrocyte,DTNA
Lineage_markers,Major_cells,Astrocyte,ATP1B2
Lineage_markers,Major_cells,Astrocyte,SERPINE2
Lineage_markers,Major_cells,Astrocyte,PON2
Lineage_markers,Major_cells,Astrocyte,ATP1A2
Lineage_markers,Major_cells,Astrocyte,AGT
Lineage_markers,Major_cells,Astrocyte,MGST1
Lineage_markers,Major_cells,Astrocyte,GPM6B
Lineage_markers,Major_cells,Astrocyte,GJA1
Lineage_markers,Major_cells,Astrocyte,S100B
Lineage_markers,Major_cells,Astrocyte,NDRG2
Lineage_markers,Major_cells,Astrocyte,ADGRV1
Lineage_markers,Major_cells,B_Cells,CD79A
Lineage_markers,Major_cells,B_Cells,MS4A1
Lineage_markers,Major_cells,B_Cells,CD37
Lineage_markers,Major_cells,B_Cells,CD79B
Lineage_markers,Major_cells,B_Cells,EEF1A1
Lineage_markers,Major_cells,B_Cells,CD52
Lineage_markers,Major_cells,B_Cells,IGKC
Lineage_markers,Major_cells,B_Cells,EEF1B2
Lineage_markers,Major_cells,B_Cells,FAU
Lineage_markers,Major_cells,B_Cells,BANK1
Lineage_markers,Major_cells,B_Cells,HLA-DQB1
Lineage_markers,Major_cells,B_Cells,NOP53
Lineage_markers,Major_cells,B_Cells,CD74
Lineage_markers,Major_cells,B_Cells,HLA-DRA
Lineage_markers,Major_cells,B_Cells,HLA-DQA1
Lineage_markers,Major_cells,B_Cells,VPREB3
Lineage_markers,Major_cells,B_Cells,IGHM
Lineage_markers,Major_cells,B_Cells,RACK1
Lineage_markers,Major_cells,B_Cells,CD48
Lineage_markers,Major_cells,B_Cells,UBA52
Lineage_markers,Major_cells,B_Cells,CXCR4
Lineage_markers,Major_cells,B_Cells,HLA-DRB1
Lineage_markers,Major_cells,B_Cells,SMIM14
Lineage_markers,Major_cells,B_Cells,LIMD2
Lineage_markers,Major_cells,B_Cells,IGLC2
Lineage_markers,Major_cells,Dendritic_Cells,CD74
Lineage_markers,Major_cells,Dendritic_Cells,HLA-DRA
Lineage_markers,Major_cells,Dendritic_Cells,HLA-DQB1
Lineage_markers,Major_cells,Dendritic_Cells,HLA-DQA1
Lineage_markers,Major_cells,Dendritic_Cells,HLA-DRB1
Lineage_markers,Major_cells,Dendritic_Cells,RNASE6
Lineage_markers,Major_cells,Dendritic_Cells,HLA-DMA
Lineage_markers,Major_cells,Dendritic_Cells,SPINT2
Lineage_markers,Major_cells,Dendritic_Cells,CST3
Lineage_markers,Major_cells,Dendritic_Cells,SERPINF1
Lineage_markers,Major_cells,Dendritic_Cells,JAML
Lineage_markers,Major_cells,Dendritic_Cells,LSP1
Lineage_markers,Major_cells,Dendritic_Cells,GPR183
Lineage_markers,Major_cells,Dendritic_Cells,CYBA
Lineage_markers,Major_cells,Dendritic_Cells,IRF8
Lineage_markers,Major_cells,Dendritic_Cells,GRN
Lineage_markers,Major_cells,Dendritic_Cells,VAMP8
Lineage_markers,Major_cells,Dendritic_Cells,MS4A6A
Lineage_markers,Major_cells,Dendritic_Cells,PLAC8
Lineage_markers,Major_cells,Dendritic_Cells,PLEK
Lineage_markers,Major_cells,Dendritic_Cells,PLD4
Lineage_markers,Major_cells,Dendritic_Cells,ARPC1B
Lineage_markers,Major_cells,Dendritic_Cells,UCP2
Lineage_markers,Major_cells,Dendritic_Cells,C1orf162
Lineage_markers,Major_cells,Dendritic_Cells,EEF1B2
Lineage_markers,Major_cells,Endothelial_Cells,IGFBP7
Lineage_markers,Major_cells,Endothelial_Cells,CLDN5
Lineage_markers,Major_cells,Endothelial_Cells,SPARC
Lineage_markers,Major_cells,Endothelial_Cells,GNG11
Lineage_markers,Major_cells,Endothelial_Cells,ITM2A
Lineage_markers,Major_cells,Endothelial_Cells,A2M
Lineage_markers,Major_cells,Endothelial_Cells,IFI27
Lineage_markers,Major_cells,Endothelial_Cells,RGCC
Lineage_markers,Major_cells,Endothelial_Cells,CA2
Lineage_markers,Major_cells,Endothelial_Cells,FKBP1A
Lineage_markers,Major_cells,Endothelial_Cells,IFITM3
Lineage_markers,Major_cells,Endothelial_Cells,ESAM
Lineage_markers,Major_cells,Endothelial_Cells,CCN2
Lineage_markers,Major_cells,Endothelial_Cells,SPARCL1
Lineage_markers,Major_cells,Endothelial_Cells,EPAS1
Lineage_markers,Major_cells,Endothelial_Cells,VWF
Lineage_markers,Major_cells,Endothelial_Cells,INSR
Lineage_markers,Major_cells,Endothelial_Cells,APOLD1
Lineage_markers,Major_cells,Endothelial_Cells,ADGRL4
Lineage_markers,Major_cells,Endothelial_Cells,PODXL
Lineage_markers,Major_cells,Endothelial_Cells,MFSD2A
Lineage_markers,Major_cells,Endothelial_Cells,PECAM1
Lineage_markers,Major_cells,Endothelial_Cells,ABCG2
Lineage_markers,Major_cells,Endothelial_Cells,ANGPT2
Lineage_markers,Major_cells,Endothelial_Cells,TM4SF1
Lineage_markers,Major_cells,Malignant,PTN
Lineage_markers,Major_cells,Malignant,TUBB2B
Lineage_markers,Major_cells,Malignant,CKB
Lineage_markers,Major_cells,Malignant,NOVA1
Lineage_markers,Major_cells,Malignant,TUBA1A
Lineage_markers,Major_cells,Malignant,PTPRZ1
Lineage_markers,Major_cells,Malignant,GPM6B
Lineage_markers,Major_cells,Malignant,GPM6A
Lineage_markers,Major_cells,Malignant,MIR9-1HG
Lineage_markers,Major_cells,Malignant,SOX2
Lineage_markers,Major_cells,Malignant,IGFBP2
Lineage_markers,Major_cells,Malignant,BEX3
Lineage_markers,Major_cells,Malignant,CLU
Lineage_markers,Major_cells,Malignant,DBI
Lineage_markers,Major_cells,Malignant,FXYD6
Lineage_markers,Major_cells,Malignant,MARCKSL1
Lineage_markers,Major_cells,Malignant,MT3
Lineage_markers,Major_cells,Malignant,YWHAE
Lineage_markers,Major_cells,Malignant,NDUFA4
Lineage_markers,Major_cells,Malignant,MAP1B
Lineage_markers,Major_cells,Malignant,FABP7
Lineage_markers,Major_cells,Malignant,CNN3
Lineage_markers,Major_cells,Malignant,SRI
Lineage_markers,Major_cells,Malignant,BCAN
Lineage_markers,Major_cells,Malignant,GAP43
Lineage_markers,Major_cells,Mast,CPA3
Lineage_markers,Major_cells,Mast,TPSAB1
Lineage_markers,Major_cells,Mast,HPGDS
Lineage_markers,Major_cells,Mast,VWA5A
Lineage_markers,Major_cells,Mast,HPGD
Lineage_markers,Major_cells,Mast,SLC18A2
Lineage_markers,Major_cells,Mast,TPSB2
Lineage_markers,Major_cells,Mast,MS4A2
Lineage_markers,Major_cells,Mast,GATA2
Lineage_markers,Major_cells,Mast,RHEX
Lineage_markers,Major_cells,Mast,SAMSN1
Lineage_markers,Major_cells,Mast,ANXA1
Lineage_markers,Major_cells,Mast,HDC
Lineage_markers,Major_cells,Mast,CAPG
Lineage_markers,Major_cells,Mast,KIT
Lineage_markers,Major_cells,Mast,LAPTM4A
Lineage_markers,Major_cells,Mast,RGS13
Lineage_markers,Major_cells,Mast,S100A4
Lineage_markers,Major_cells,Mast,CLU
Lineage_markers,Major_cells,Mast,IL1RL1
Lineage_markers,Major_cells,Mast,GRAP2
Lineage_markers,Major_cells,Mast,S100A6
Lineage_markers,Major_cells,Mast,PRDX6
Lineage_markers,Major_cells,Mast,ALOX5AP
Lineage_markers,Major_cells,Mast,CD9
Lineage_markers,Major_cells,Monocyte,LYZ
Lineage_markers,Major_cells,Monocyte,S100A9
Lineage_markers,Major_cells,Monocyte,S100A8
Lineage_markers,Major_cells,Monocyte,AIF1
Lineage_markers,Major_cells,Monocyte,SERPINA1
Lineage_markers,Major_cells,Monocyte,FTL
Lineage_markers,Major_cells,Monocyte,S100A11
Lineage_markers,Major_cells,Monocyte,TYROBP
Lineage_markers,Major_cells,Monocyte,FCER1G
Lineage_markers,Major_cells,Monocyte,CTSS
Lineage_markers,Major_cells,Monocyte,FTH1
Lineage_markers,Major_cells,Monocyte,NEAT1
Lineage_markers,Major_cells,Monocyte,SAT1
Lineage_markers,Major_cells,Monocyte,CTSB
Lineage_markers,Major_cells,Monocyte,CD14
Lineage_markers,Major_cells,Monocyte,VCAN
Lineage_markers,Major_cells,Monocyte,TYMP
Lineage_markers,Major_cells,Monocyte,CEBPB
Lineage_markers,Major_cells,Monocyte,SLC11A1
Lineage_markers,Major_cells,Monocyte,C1orf162
Lineage_markers,Major_cells,Monocyte,S100A10
Lineage_markers,Major_cells,Monocyte,LST1
Lineage_markers,Major_cells,Monocyte,CD163
Lineage_markers,Major_cells,Monocyte,TGFBI
Lineage_markers,Major_cells,Monocyte,SRGN
Lineage_markers,Major_cells,Mural_Cells,SPARC
Lineage_markers,Major_cells,Mural_Cells,IGFBP7
Lineage_markers,Major_cells,Mural_Cells,CALD1
Lineage_markers,Major_cells,Mural_Cells,FN1
Lineage_markers,Major_cells,Mural_Cells,COL1A2
Lineage_markers,Major_cells,Mural_Cells,COL4A1
Lineage_markers,Major_cells,Mural_Cells,COL4A2
Lineage_markers,Major_cells,Mural_Cells,ITGB1
Lineage_markers,Major_cells,Mural_Cells,BGN
Lineage_markers,Major_cells,Mural_Cells,DCN
Lineage_markers,Major_cells,Mural_Cells,RGS5
Lineage_markers,Major_cells,Mural_Cells,COL3A1
Lineage_markers,Major_cells,Mural_Cells,UACA
Lineage_markers,Major_cells,Mural_Cells,NDUFA4L2
Lineage_markers,Major_cells,Mural_Cells,FSTL1
Lineage_markers,Major_cells,Mural_Cells,SPARCL1
Lineage_markers,Major_cells,Mural_Cells,THY1
Lineage_markers,Major_cells,Mural_Cells,SERPINH1
Lineage_markers,Major_cells,Mural_Cells,PDGFRB
Lineage_markers,Major_cells,Mural_Cells,COL6A1
Lineage_markers,Major_cells,Mural_Cells,NOTCH3
Lineage_markers,Major_cells,Mural_Cells,MGP
Lineage_markers,Major_cells,Mural_Cells,TAGLN
Lineage_markers,Major_cells,Mural_Cells,PLXDC1
Lineage_markers,Major_cells,Mural_Cells,TPM4
Lineage_markers,Major_cells,NK_Cells,CTSW
Lineage_markers,Major_cells,NK_Cells,CD7
Lineage_markers,Major_cells,NK_Cells,NKG7
Lineage_markers,Major_cells,NK_Cells,KLRB1
Lineage_markers,Major_cells,NK_Cells,TRDC
Lineage_markers,Major_cells,NK_Cells,KLRD1
Lineage_markers,Major_cells,NK_Cells,XCL2
Lineage_markers,Major_cells,NK_Cells,CCL5
Lineage_markers,Major_cells,NK_Cells,XCL1
Lineage_markers,Major_cells,NK_Cells,IL2RB
Lineage_markers,Major_cells,NK_Cells,HCST
Lineage_markers,Major_cells,NK_Cells,APOBEC3G
Lineage_markers,Major_cells,NK_Cells,EVL
Lineage_markers,Major_cells,NK_Cells,MATK
Lineage_markers,Major_cells,NK_Cells,CST7
Lineage_markers,Major_cells,NK_Cells,HLA-A
Lineage_markers,Major_cells,NK_Cells,CD247
Lineage_markers,Major_cells,NK_Cells,KLRC1
Lineage_markers,Major_cells,NK_Cells,IFITM2
Lineage_markers,Major_cells,NK_Cells,GZMA
Lineage_markers,Major_cells,NK_Cells,PRF1
Lineage_markers,Major_cells,NK_Cells,CORO1A
Lineage_markers,Major_cells,NK_Cells,KRT86
Lineage_markers,Major_cells,NK_Cells,MYL12A
Lineage_markers,Major_cells,NK_Cells,HLA-C
Lineage_markers,Major_cells,Neuron,SNAP25
Lineage_markers,Major_cells,Neuron,STXBP1
Lineage_markers,Major_cells,Neuron,CNTNAP2
Lineage_markers,Major_cells,Neuron,CAMK2B
Lineage_markers,Major_cells,Neuron,RTN1
Lineage_markers,Major_cells,Neuron,USP11
Lineage_markers,Major_cells,Neuron,NDRG4
Lineage_markers,Major_cells,Neuron,MEG3
Lineage_markers,Major_cells,Neuron,ENO2
Lineage_markers,Major_cells,Neuron,TMEM59L
Lineage_markers,Major_cells,Neuron,SERINC1
Lineage_markers,Major_cells,Neuron,TAGLN3
Lineage_markers,Major_cells,Neuron,KIF1A
Lineage_markers,Major_cells,Neuron,CLIP3
Lineage_markers,Major_cells,Neuron,RTN3
Lineage_markers,Major_cells,Neuron,PEG3
Lineage_markers,Major_cells,Neuron,SLC22A17
Lineage_markers,Major_cells,Neuron,SCG5
Lineage_markers,Major_cells,Neuron,NSG2
Lineage_markers,Major_cells,Neuron,ATP1A3
Lineage_markers,Major_cells,Neuron,TMEM130
Lineage_markers,Major_cells,Neuron,SNCB
Lineage_markers,Major_cells,Neuron,NRXN3
Lineage_markers,Major_cells,Neuron,SV2A
Lineage_markers,Major_cells,Neuron,MYT1L
Lineage_markers,Major_cells,OPC,APOD
Lineage_markers,Major_cells,OPC,SCD5
Lineage_markers,Major_cells,OPC,PTPRZ1
Lineage_markers,Major_cells,OPC,TSPAN7
Lineage_markers,Major_cells,OPC,BCAN
Lineage_markers,Major_cells,OPC,PLLP
Lineage_markers,Major_cells,OPC,HTRA1
Lineage_markers,Major_cells,OPC,TNR
Lineage_markers,Major_cells,OPC,VCAN
Lineage_markers,Major_cells,OPC,NRCAM
Lineage_markers,Major_cells,OPC,EPN2
Lineage_markers,Major_cells,OPC,PDGFRA
Lineage_markers,Major_cells,OPC,MEG3
Lineage_markers,Major_cells,OPC,NAV1
Lineage_markers,Major_cells,OPC,OLIG1
Lineage_markers,Major_cells,OPC,ALDOC
Lineage_markers,Major_cells,OPC,DNER
Lineage_markers,Major_cells,OPC,SPOCK1
Lineage_markers,Major_cells,OPC,LRP1
Lineage_markers,Major_cells,OPC,NLGN3
Lineage_markers,Major_cells,OPC,CHL1
Lineage_markers,Major_cells,OPC,SLC22A17
Lineage_markers,Major_cells,OPC,TSC22D1
Lineage_markers,Major_cells,OPC,TSPAN3
Lineage_markers,Major_cells,OPC,GPR37L1
Lineage_markers,Major_cells,Oligodendrocyte,PLP1
Lineage_markers,Major_cells,Oligodendrocyte,MBP
Lineage_markers,Major_cells,Oligodendrocyte,CRYAB
Lineage_markers,Major_cells,Oligodendrocyte,QDPR
Lineage_markers,Major_cells,Oligodendrocyte,TF
Lineage_markers,Major_cells,Oligodendrocyte,CLDND1
Lineage_markers,Major_cells,Oligodendrocyte,APLP1
Lineage_markers,Major_cells,Oligodendrocyte,GPM6B
Lineage_markers,Major_cells,Oligodendrocyte,CLDN11
Lineage_markers,Major_cells,Oligodendrocyte,MAG
Lineage_markers,Major_cells,Oligodendrocyte,CNP
Lineage_markers,Major_cells,Oligodendrocyte,PTGDS
Lineage_markers,Major_cells,Oligodendrocyte,SELENOP
Lineage_markers,Major_cells,Oligodendrocyte,PPP1R14A
Lineage_markers,Major_cells,Oligodendrocyte,SLC44A1
Lineage_markers,Major_cells,Oligodendrocyte,TMEM144
Lineage_markers,Major_cells,Oligodendrocyte,APOD
Lineage_markers,Major_cells,Oligodendrocyte,CNDP1
Lineage_markers,Major_cells,Oligodendrocyte,ERMN
Lineage_markers,Major_cells,Oligodendrocyte,GSN
Lineage_markers,Major_cells,Oligodendrocyte,S100B
Lineage_markers,Major_cells,Oligodendrocyte,ATP1B1
Lineage_markers,Major_cells,Oligodendrocyte,SCD
Lineage_markers,Major_cells,Oligodendrocyte,PLAAT3
Lineage_markers,Major_cells,Oligodendrocyte,EDIL3
Lineage_markers,Major_cells,Plasma_Cells,MZB1
Lineage_markers,Major_cells,Plasma_Cells,JCHAIN
Lineage_markers,Major_cells,Plasma_Cells,DERL3
Lineage_markers,Major_cells,Plasma_Cells,FKBP11
Lineage_markers,Major_cells,Plasma_Cells,SSR4
Lineage_markers,Major_cells,Plasma_Cells,CD79A
Lineage_markers,Major_cells,Plasma_Cells,XBP1
Lineage_markers,Major_cells,Plasma_Cells,PIM2
Lineage_markers,Major_cells,Plasma_Cells,SEC11C
Lineage_markers,Major_cells,Plasma_Cells,FCRL5
Lineage_markers,Major_cells,Plasma_Cells,POU2AF1
Lineage_markers,Major_cells,Plasma_Cells,CD38
Lineage_markers,Major_cells,Plasma_Cells,PRDX4
Lineage_markers,Major_cells,Plasma_Cells,IGHG3
Lineage_markers,Major_cells,Plasma_Cells,FKBP2
Lineage_markers,Major_cells,Plasma_Cells,IGHG1
Lineage_markers,Major_cells,Plasma_Cells,TNFRSF17
Lineage_markers,Major_cells,Plasma_Cells,TENT5C
Lineage_markers,Major_cells,Plasma_Cells,IGLC2
Lineage_markers,Major_cells,Plasma_Cells,IGHA1
Lineage_markers,Major_cells,Plasma_Cells,SPAG4
Lineage_markers,Major_cells,Plasma_Cells,IGKC
Lineage_markers,Major_cells,Plasma_Cells,IGHG4
Lineage_markers,Major_cells,Plasma_Cells,PLPP5
Lineage_markers,Major_cells,Plasma_Cells,SDC1
Lineage_markers,Major_cells,Radial_Glia,EEF1G
Lineage_markers,Major_cells,Radial_Glia,SNHG29
Lineage_markers,Major_cells,Radial_Glia,MIR9-1HG
Lineage_markers,Major_cells,Radial_Glia,SOX4
Lineage_markers,Major_cells,Radial_Glia,H2AZ1
Lineage_markers,Major_cells,Radial_Glia,HMGB1
Lineage_markers,Major_cells,Radial_Glia,TUBA1A
Lineage_markers,Major_cells,Radial_Glia,EIF4A1
Lineage_markers,Major_cells,Radial_Glia,GAS5
Lineage_markers,Major_cells,Radial_Glia,SRP14
Lineage_markers,Major_cells,Radial_Glia,PRDX2
Lineage_markers,Major_cells,Radial_Glia,RAN
Lineage_markers,Major_cells,Radial_Glia,LDHB
Lineage_markers,Major_cells,Radial_Glia,STMN1
Lineage_markers,Major_cells,Radial_Glia,BEX3
Lineage_markers,Major_cells,Radial_Glia,HNRNPA1
Lineage_markers,Major_cells,Radial_Glia,H3-3B
Lineage_markers,Major_cells,Radial_Glia,EMX2
Lineage_markers,Major_cells,Radial_Glia,ERH
Lineage_markers,Major_cells,Radial_Glia,JPT1
Lineage_markers,Major_cells,Radial_Glia,SNHG6
Lineage_markers,Major_cells,Radial_Glia,RACK1
Lineage_markers,Major_cells,Radial_Glia,HSP90AA1
Lineage_markers,Major_cells,Radial_Glia,SNHG5
Lineage_markers,Major_cells,Radial_Glia,SNRPE
Lineage_markers,Major_cells,TAM_BloodDerived,TYROBP
Lineage_markers,Major_cells,TAM_BloodDerived,NPC2
Lineage_markers,Major_cells,TAM_BloodDerived,C1QA
Lineage_markers,Major_cells,TAM_BloodDerived,C1QC
Lineage_markers,Major_cells,TAM_BloodDerived,SAT1
Lineage_markers,Major_cells,TAM_BloodDerived,C1QB
Lineage_markers,Major_cells,TAM_BloodDerived,FTL
Lineage_markers,Major_cells,TAM_BloodDerived,FCER1G
Lineage_markers,Major_cells,TAM_BloodDerived,CD74
Lineage_markers,Major_cells,TAM_BloodDerived,PSAP
Lineage_markers,Major_cells,TAM_BloodDerived,CD14
Lineage_markers,Major_cells,TAM_BloodDerived,AIF1
Lineage_markers,Major_cells,TAM_BloodDerived,APOC1
Lineage_markers,Major_cells,TAM_BloodDerived,CTSB
Lineage_markers,Major_cells,TAM_BloodDerived,HLA-DRA
Lineage_markers,Major_cells,TAM_BloodDerived,MS4A7
Lineage_markers,Major_cells,TAM_BloodDerived,CD68
Lineage_markers,Major_cells,TAM_BloodDerived,APOE
Lineage_markers,Major_cells,TAM_BloodDerived,RNASET2
Lineage_markers,Major_cells,TAM_BloodDerived,HLA-DRB1
Lineage_markers,Major_cells,TAM_BloodDerived,FCGR3A
Lineage_markers,Major_cells,TAM_BloodDerived,FCGR2A
Lineage_markers,Major_cells,TAM_BloodDerived,TREM2
Lineage_markers,Major_cells,TAM_BloodDerived,LAPTM5
Lineage_markers,Major_cells,TAM_BloodDerived,FCGRT
Lineage_markers,Major_cells,TAM_Microglial,C1QB
Lineage_markers,Major_cells,TAM_Microglial,APOC1
Lineage_markers,Major_cells,TAM_Microglial,APOE
Lineage_markers,Major_cells,TAM_Microglial,C1QC
Lineage_markers,Major_cells,TAM_Microglial,C1QA
Lineage_markers,Major_cells,TAM_Microglial,SPP1
Lineage_markers,Major_cells,TAM_Microglial,RNASET2
Lineage_markers,Major_cells,TAM_Microglial,TREM2
Lineage_markers,Major_cells,TAM_Microglial,FTL
Lineage_markers,Major_cells,TAM_Microglial,AIF1
Lineage_markers,Major_cells,TAM_Microglial,TYROBP
Lineage_markers,Major_cells,TAM_Microglial,GPR34
Lineage_markers,Major_cells,TAM_Microglial,FCER1G
Lineage_markers,Major_cells,TAM_Microglial,CD74
Lineage_markers,Major_cells,TAM_Microglial,C3
Lineage_markers,Major_cells,TAM_Microglial,FCGR1A
Lineage_markers,Major_cells,TAM_Microglial,NPC2
Lineage_markers,Major_cells,TAM_Microglial,CD68
Lineage_markers,Major_cells,TAM_Microglial,LAPTM5
Lineage_markers,Major_cells,TAM_Microglial,SAT1
Lineage_markers,Major_cells,TAM_Microglial,FCGR3A
Lineage_markers,Major_cells,TAM_Microglial,VSIG4
Lineage_markers,Major_cells,TAM_Microglial,CD14
Lineage_markers,Major_cells,TAM_Microglial,MS4A7
Lineage_markers,Major_cells,TAM_Microglial,OLR1
Lineage_markers,Major_cells,T_Cells,IL32
Lineage_markers,Major_cells,T_Cells,CD3D
Lineage_markers,Major_cells,T_Cells,CD3E
Lineage_markers,Major_cells,T_Cells,CD52
Lineage_markers,Major_cells,T_Cells,CD2
Lineage_markers,Major_cells,T_Cells,B2M
Lineage_markers,Major_cells,T_Cells,HLA-A
Lineage_markers,Major_cells,T_Cells,HLA-C
Lineage_markers,Major_cells,T_Cells,RAC2
Lineage_markers,Major_cells,T_Cells,ARHGDIB
Lineage_markers,Major_cells,T_Cells,PTPRC
Lineage_markers,Major_cells,T_Cells,CORO1A
Lineage_markers,Major_cells,T_Cells,CCL5
Lineage_markers,Major_cells,T_Cells,MYL12A
Lineage_markers,Major_cells,T_Cells,LCK
Lineage_markers,Major_cells,T_Cells,GZMA
Lineage_markers,Major_cells,T_Cells,SH3BGRL3
Lineage_markers,Major_cells,T_Cells,S100A4
Lineage_markers,Major_cells,T_Cells,CD3G
Lineage_markers,Major_cells,T_Cells,TRBC2
Lineage_markers,Major_cells,T_Cells,HCST
Lineage_markers,Major_cells,T_Cells,HLA-E
Lineage_markers,Major_cells,T_Cells,BTG1
Lineage_markers,Major_cells,T_Cells,TRAC
Lineage_markers,Major_cells,T_Cells,PLAAT4
Dendritic_Cells,DC,DC1,TMSB4X
Dendritic_Cells,DC,DC1,C1orf54
Dendritic_Cells,DC,DC1,CPVL
Dendritic_Cells,DC,DC1,SNX3
Dendritic_Cells,DC,DC1,CLEC9A
Dendritic_Cells,DC,DC1,CD74
Dendritic_Cells,DC,DC1,LGALS2
Dendritic_Cells,DC,DC1,HLA-C
Dendritic_Cells,DC,DC1,CADM1
Dendritic_Cells,DC,DC1,RGCC
Dendritic_Cells,DC,DC1,CST3
Dendritic_Cells,DC,DC1,CCND1
Dendritic_Cells,DC,DC1,RGS10
Dendritic_Cells,DC,DC1,IDO1
Dendritic_Cells,DC,DC1,LSP1
Dendritic_Cells,DC,DC1,HLA-DRB5
Dendritic_Cells,DC,DC1,RAB7B
Dendritic_Cells,DC,DC1,GSTP1
Dendritic_Cells,DC,DC1,CPNE3
Dendritic_Cells,DC,DC1,TMSB10
Dendritic_Cells,DC,DC1,BATF3
Dendritic_Cells,DC,DC1,ID2
Dendritic_Cells,DC,DC1,TAP1
Dendritic_Cells,DC,DC1,GYPC
Dendritic_Cells,DC,DC1,ACTG1
Dendritic_Cells,DC,DC2,MARCKSL1
Dendritic_Cells,DC,DC2,BIRC3
Dendritic_Cells,DC,DC2,LAMP3
Dendritic_Cells,DC,DC2,B2M
Dendritic_Cells,DC,DC2,HLA-A
Dendritic_Cells,DC,DC2,IDO1
Dendritic_Cells,DC,DC2,CCR7
Dendritic_Cells,DC,DC2,TMSB10
Dendritic_Cells,DC,DC2,HLA-C
Dendritic_Cells,DC,DC2,FSCN1
Dendritic_Cells,DC,DC2,TRAF1
Dendritic_Cells,DC,DC2,NUB1
Dendritic_Cells,DC,DC2,TUBA1C
Dendritic_Cells,DC,DC2,ID2
Dendritic_Cells,DC,DC2,BCL2L14
Dendritic_Cells,DC,DC2,LSP1
Dendritic_Cells,DC,DC2,CD83
Dendritic_Cells,DC,DC2,MYL6
Dendritic_Cells,DC,DC2,GPX4
Dendritic_Cells,DC,DC2,TXN
Dendritic_Cells,DC,DC2,MGLL
Dendritic_Cells,DC,DC2,BTG1
Dendritic_Cells,DC,DC2,PFN1
Dendritic_Cells,DC,DC2,GSTP1
Dendritic_Cells,DC,DC2,IL32
Dendritic_Cells,DC,DC3,LILRA4
Dendritic_Cells,DC,DC3,ITM2C
Dendritic_Cells,DC,DC3,JCHAIN
Dendritic_Cells,DC,DC3,IRF7
Dendritic_Cells,DC,DC3,GZMB
Dendritic_Cells,DC,DC3,PLAC8
Dendritic_Cells,DC,DC3,SEC61B
Dendritic_Cells,DC,DC3,TSPAN13
Dendritic_Cells,DC,DC3,TPM2
Dendritic_Cells,DC,DC3,IGKC
Dendritic_Cells,DC,DC3,DERL3
Dendritic_Cells,DC,DC3,C12orf75
Dendritic_Cells,DC,DC3,CLIC3
Dendritic_Cells,DC,DC3,SERPINF1
Dendritic_Cells,DC,DC3,PTCRA
Dendritic_Cells,DC,DC3,SPCS1
Dendritic_Cells,DC,DC3,TCF4
Dendritic_Cells,DC,DC3,PLD4
Dendritic_Cells,DC,DC3,SPIB
Dendritic_Cells,DC,DC3,CCDC50
Dendritic_Cells,DC,DC3,CYB561A3
Dendritic_Cells,DC,DC3,MZB1
Dendritic_Cells,DC,DC3,IL3RA
Dendritic_Cells,DC,DC3,PLP2
Dendritic_Cells,DC,DC3,SCT
Dendritic_Cells,DC,cDC1,BASP1
Dendritic_Cells,DC,cDC1,HLA-DQA1
Dendritic_Cells,DC,cDC1,HLA-DRB1
Dendritic_Cells,DC,cDC1,IDO1
Dendritic_Cells,DC,cDC1,GSTP1
Dendritic_Cells,DC,cDC1,CTSZ
Dendritic_Cells,DC,cDC1,CPNE3
Dendritic_Cells,DC,cDC1,ACTG1
Dendritic_Cells,DC,cDC1,LGALS2
Dendritic_Cells,DC,cDC1,TSPAN33
Dendritic_Cells,DC,cDC1,CLEC9A
Dendritic_Cells,DC,cDC1,WDFY4
Dendritic_Cells,DC,cDC1,CAMK2D
Dendritic_Cells,DC,cDC1,SHTN1
Dendritic_Cells,DC,cDC1,NAAA
Dendritic_Cells,DC,cDC1,NET1
Dendritic_Cells,DC,cDC1,BATF3
Dendritic_Cells,DC,cDC1,HLA-A
Dendritic_Cells,DC,cDC1,VAC14
Dendritic_Cells,DC,cDC1,CCND1
Dendritic_Cells,DC,cDC1,FGL2
Dendritic_Cells,DC,cDC1,CADM1
Dendritic_Cells,DC,cDC1,CLNK
Dendritic_Cells,DC,cDC1,MBD2
Dendritic_Cells,DC,cDC1,ASAP1
Dendritic_Cells,DC,cDC2,LST1
Dendritic_Cells,DC,cDC2,AIF1
Dendritic_Cells,DC,cDC2,YWHAH
Dendritic_Cells,DC,cDC2,CEBPD
Dendritic_Cells,DC,cDC2,FCGR2A
Dendritic_Cells,DC,cDC2,ANXA1
Dendritic_Cells,DC,cDC2,FCER1A
Dendritic_Cells,DC,cDC2,ITM2B
Dendritic_Cells,DC,cDC2,CEBPB
Dendritic_Cells,DC,cDC2,FPR1
Dendritic_Cells,DC,cDC2,FCGR2B
Dendritic_Cells,DC,cDC2,GLUL
Dendritic_Cells,DC,cDC2,FTL
Dendritic_Cells,DC,cDC2,CTSH
Dendritic_Cells,DC,cDC2,S100A11
Dendritic_Cells,DC,cDC2,GAPDH
Dendritic_Cells,DC,cDC2,LAPTM5
Dendritic_Cells,DC,cDC2,PKIB
Dendritic_Cells,DC,cDC2,CLEC10A
Dendritic_Cells,DC,cDC2,TIMP1
Dendritic_Cells,DC,cDC2,MS4A7
Dendritic_Cells,DC,cDC2,SERPINA1
Dendritic_Cells,DC,cDC2,PLXDC2
Dendritic_Cells,DC,cDC2,IL13RA1
Dendritic_Cells,DC,cDC2,IFNGR1
Dendritic_Cells,DC,pDC,PPP1R14B
Dendritic_Cells,DC,pDC,UGCG
Dendritic_Cells,DC,pDC,TCF4
Dendritic_Cells,DC,pDC,GZMB
Dendritic_Cells,DC,pDC,BCL11A
Dendritic_Cells,DC,pDC,MZB1
Dendritic_Cells,DC,pDC,CCDC50
Dendritic_Cells,DC,pDC,PTPRS
Dendritic_Cells,DC,pDC,IL3RA
Dendritic_Cells,DC,pDC,NACA
Dendritic_Cells,DC,pDC,VEGFB
Dendritic_Cells,DC,pDC,TSPAN13
Dendritic_Cells,DC,pDC,DERL3
Dendritic_Cells,DC,pDC,GNAS
Dendritic_Cells,DC,pDC,HSP90B1
Dendritic_Cells,DC,pDC,IRF7
Dendritic_Cells,DC,pDC,APP
Dendritic_Cells,DC,pDC,JCHAIN
Dendritic_Cells,DC,pDC,SSR4
Dendritic_Cells,DC,pDC,PPIB
Dendritic_Cells,DC,pDC,SEC61B
Dendritic_Cells,DC,pDC,MPEG1
Dendritic_Cells,DC,pDC,CLIC3
Dendritic_Cells,DC,pDC,IRF8
Dendritic_Cells,DC,pDC,SMPD3
Endothelial_Cells,Endothelial,Endo_arterial,COL4A2
Endothelial_Cells,Endothelial,Endo_arterial,HSPG2
Endothelial_Cells,Endothelial,Endo_arterial,PLVAP
Endothelial_Cells,Endothelial,Endo_arterial,CYTOR
Endothelial_Cells,Endothelial,Endo_arterial,COL4A1
Endothelial_Cells,Endothelial,Endo_arterial,PLXND1
Endothelial_Cells,Endothelial,Endo_arterial,STC1
Endothelial_Cells,Endothelial,Endo_arterial,SPP1
Endothelial_Cells,Endothelial,Endo_arterial,CD9
Endothelial_Cells,Endothelial,Endo_arterial,CD93
Endothelial_Cells,Endothelial,Endo_arterial,ESM1
Endothelial_Cells,Endothelial,Endo_arterial,PTP4A3
Endothelial_Cells,Endothelial,Endo_arterial,MMP2
Endothelial_Cells,Endothelial,Endo_arterial,ITGA5
Endothelial_Cells,Endothelial,Endo_arterial,PCDH17
Endothelial_Cells,Endothelial,Endo_arterial,SEMA3F
Endothelial_Cells,Endothelial,Endo_arterial,MCAM
Endothelial_Cells,Endothelial,Endo_arterial,HTRA1
Endothelial_Cells,Endothelial,Endo_capilar,MT1E
Endothelial_Cells,Endothelial,Endo_capilar,MT2A
Endothelial_Cells,Endothelial,Endo_capilar,MT1F
Endothelial_Cells,Endothelial,Endo_capilar,MT1M
Endothelial_Cells,Endothelial,Endo_capilar,B2M
Endothelial_Cells,Endothelial,Endo_capilar,MT1X
Endothelial_Cells,Endothelial,Endo_capilar,BSG
Endothelial_Cells,Endothelial,Endo_capilar,S100A10
Endothelial_Cells,Endothelial,Endo_capilar,FAM107A
Endothelial_Cells,Endothelial,Endo_capilar,IFI27
Endothelial_Cells,Endothelial,Endo_capilar,LY6E
Endothelial_Cells,Endothelial,Endo_capilar,TSC22D1
Endothelial_Cells,Endothelial,Endo_capilar,GIMAP7
Endothelial_Cells,Endothelial,Endo_capilar,NET1
Endothelial_Cells,Endothelial,Endo_capilar,LHFPL6
Endothelial_Cells,Endothelial,Endo_capilar,MALAT1
Endothelial_Cells,Endothelial,Endo_capilar,HLA-E
Endothelial_Cells,Endothelial,Endo_capilar,SPARCL1
Endothelial_Cells,Endothelial,Endo_capilar,IFI44L
Endothelial_Cells,Endothelial,Endo_capilar,BST2
Endothelial_Cells,Endothelial,Endo_capilar,HERPUD1
Endothelial_Cells,Endothelial,Endo_capilar,SLC16A1
Endothelial_Cells,Endothelial,Endo_capilar,ARL4A
Endothelial_Cells,Endothelial,Endo_capilar,SLC25A6
Endothelial_Cells,Endothelial,Endo_capilar,APOD
Endothelial_Cells,Endothelial,Tip-like,SPARC
Endothelial_Cells,Endothelial,Tip-like,IGFBP7
Endothelial_Cells,Endothelial,Tip-like,CA2
Endothelial_Cells,Endothelial,Tip-like,COL4A1
Endothelial_Cells,Endothelial,Tip-like,SPINK8
Endothelial_Cells,Endothelial,Tip-like,A2M
Endothelial_Cells,Endothelial,Tip-like,LAMA4
Endothelial_Cells,Endothelial,Tip-like,COL4A2
Endothelial_Cells,Endothelial,Tip-like,ESAM
Endothelial_Cells,Endothelial,Tip-like,APLP2
Endothelial_Cells,Endothelial,Tip-like,ADGRL4
Endothelial_Cells,Endothelial,Tip-like,APOLD1
Endothelial_Cells,Endothelial,Tip-like,UNC5B
Endothelial_Cells,Endothelial,Tip-like,LAMC1
Endothelial_Cells,Endothelial,Tip-like,C1orf54
Endothelial_Cells,Endothelial,Tip-like,NREP
Endothelial_Cells,Endothelial,Tip-like,BCL6B
Endothelial_Cells,Endothelial,Tip-like,MCAM
Endothelial_Cells,Endothelial,Tip-like,CD34
Endothelial_Cells,Endothelial,Tip-like,CDH2
Endothelial_Cells,Endothelial,Tip-like,FN1
Endothelial_Cells,Endothelial,Tip-like,CHCHD2
Endothelial_Cells,Endothelial,Tip-like,HSPG2
Endothelial_Cells,Endothelial,Tip-like,NOX4
Endothelial_Cells,Endothelial,Tip-like,CTNNB1
Malignant,AC-like,AC-like,CST3
Malignant,AC-like,AC-like,MT3
Malignant,AC-like,AC-like,VIM
Malignant,AC-like,AC-like,GATM
Malignant,AC-like,AC-like,FABP7
Malignant,AC-like,AC-like,CLU
Malignant,AC-like,AC-like,AQP4
Malignant,AC-like,AC-like,GFAP
Malignant,AC-like,AC-like,TTYH1
Malignant,AC-like,AC-like,PMP2
Malignant,AC-like,AC-like,CEBPD
Malignant,AC-like,AC-like,RAMP1
Malignant,AC-like,AC-like,CNN3
Malignant,AC-like,AC-like,SPARC
Malignant,AC-like,AC-like,S100A16
Malignant,AC-like,AC-like,B2M
Malignant,AC-like,AC-like,ZFP36L2
Malignant,AC-like,AC-like,CD63
Malignant,AC-like,AC-like,HEPN1
Malignant,AC-like,AC-like,HLA-C
Malignant,AC-like,AC-like,S100B
Malignant,AC-like,AC-like,HLA-A
Malignant,AC-like,AC-like,NMB
Malignant,AC-like,AC-like,PLTP
Malignant,AC-like,AC-like,SLC1A3
Malignant,AC-like,AC-like_Prolif,HMGB2
Malignant,AC-like,AC-like_Prolif,H2AZ1
Malignant,AC-like,AC-like_Prolif,TUBA1B
Malignant,AC-like,AC-like_Prolif,UBE2C
Malignant,AC-like,AC-like_Prolif,HMGB1
Malignant,AC-like,AC-like_Prolif,CCDC34
Malignant,AC-like,AC-like_Prolif,NUSAP1
Malignant,AC-like,AC-like_Prolif,HMGN2
Malignant,AC-like,AC-like_Prolif,PTTG1
Malignant,AC-like,AC-like_Prolif,CENPF
Malignant,AC-like,AC-like_Prolif,BIRC5
Malignant,AC-like,AC-like_Prolif,PBK
Malignant,AC-like,AC-like_Prolif,UBE2S
Malignant,AC-like,AC-like_Prolif,TOP2A
Malignant,AC-like,AC-like_Prolif,CALM1
Malignant,AC-like,AC-like_Prolif,TPX2
Malignant,AC-like,AC-like_Prolif,EGFR
Malignant,AC-like,AC-like_Prolif,SEC61G
Malignant,AC-like,AC-like_Prolif,CD63
Malignant,AC-like,AC-like_Prolif,HLA-A
Malignant,AC-like,AC-like_Prolif,DTYMK
Malignant,AC-like,AC-like_Prolif,PRC1
Malignant,AC-like,AC-like_Prolif,H2AX
Malignant,AC-like,AC-like_Prolif,POSTN
Malignant,AC-like,AC-like_Prolif,CDK1
Malignant,MES-like,MES-like_hypoxia_MHC,LGALS3
Malignant,MES-like,MES-like_hypoxia_MHC,VEGFA
Malignant,MES-like,MES-like_hypoxia_MHC,NDRG1
Malignant,MES-like,MES-like_hypoxia_MHC,EIF1
Malignant,MES-like,MES-like_hypoxia_MHC,FTL
Malignant,MES-like,MES-like_hypoxia_MHC,CEBPD
Malignant,MES-like,MES-like_hypoxia_MHC,IGFBP5
Malignant,MES-like,MES-like_hypoxia_MHC,GAPDH
Malignant,MES-like,MES-like_hypoxia_MHC,MT1X
Malignant,MES-like,MES-like_hypoxia_MHC,ADM
Malignant,MES-like,MES-like_hypoxia_MHC,PGK1
Malignant,MES-like,MES-like_hypoxia_MHC,VIM
Malignant,MES-like,MES-like_hypoxia_MHC,NEAT1
Malignant,MES-like,MES-like_hypoxia_MHC,MT2A
Malignant,MES-like,MES-like_hypoxia_MHC,AKAP12
Malignant,MES-like,MES-like_hypoxia_MHC,SQSTM1
Malignant,MES-like,MES-like_hypoxia_MHC,HILPDA
Malignant,MES-like,MES-like_hypoxia_MHC,S100A10
Malignant,MES-like,MES-like_hypoxia_MHC,NRN1
Malignant,MES-like,MES-like_hypoxia_MHC,CEBPB
Malignant,MES-like,MES-like_hypoxia_MHC,EMP3
Malignant,MES-like,MES-like_hypoxia_MHC,LGALS1
Malignant,MES-like,MES-like_hypoxia_MHC,ENO2
Malignant,MES-like,MES-like_hypoxia_MHC,UBC
Malignant,MES-like,MES-like_hypoxia_MHC,LDHA
Malignant,MES-like,MES-like_hypoxia_independent,CHI3L1
Malignant,MES-like,MES-like_hypoxia_independent,S100A6
Malignant,MES-like,MES-like_hypoxia_independent,CLU
Malignant,MES-like,MES-like_hypoxia_independent,IFITM3
Malignant,MES-like,MES-like_hypoxia_independent,SOD2
Malignant,MES-like,MES-like_hypoxia_independent,MT1X
Malignant,MES-like,MES-like_hypoxia_independent,S100A10
Malignant,MES-like,MES-like_hypoxia_independent,FTL
Malignant,MES-like,MES-like_hypoxia_independent,MT2A
Malignant,MES-like,MES-like_hypoxia_independent,SPARCL1
Malignant,MES-like,MES-like_hypoxia_independent,LGALS1
Malignant,MES-like,MES-like_hypoxia_independent,GFAP
Malignant,MES-like,MES-like_hypoxia_independent,CRYAB
Malignant,MES-like,MES-like_hypoxia_independent,TMSB4X
Malignant,MES-like,MES-like_hypoxia_independent,LTF
Malignant,MES-like,MES-like_hypoxia_independent,SAT1
Malignant,MES-like,MES-like_hypoxia_independent,S100A11
Malignant,MES-like,MES-like_hypoxia_independent,CD44
Malignant,MES-like,MES-like_hypoxia_independent,FTH1
Malignant,MES-like,MES-like_hypoxia_independent,ANXA1
Malignant,MES-like,MES-like_hypoxia_independent,NAMPT
Malignant,MES-like,MES-like_hypoxia_independent,GLUL
Malignant,MES-like,MES-like_hypoxia_independent,TMSB10
Malignant,MES-like,MES-like_hypoxia_independent,SERF2
Malignant,MES-like,MES-like_hypoxia_independent,CHI3L2
Malignant,NPC-like,NPC-like_OPC,OLIG2
Malignant,NPC-like,NPC-like_OPC,BCAN
Malignant,NPC-like,NPC-like_OPC,EEF1A1
Malignant,NPC-like,NPC-like_OPC,CDKN2A
Malignant,NPC-like,NPC-like_OPC,APOD
Malignant,NPC-like,NPC-like_OPC,NACA
Malignant,NPC-like,NPC-like_OPC,SOX6
Malignant,NPC-like,NPC-like_OPC,RACK1
Malignant,NPC-like,NPC-like_OPC,OLIG1
Malignant,NPC-like,NPC-like_OPC,BASP1
Malignant,NPC-like,NPC-like_OPC,CCND1
Malignant,NPC-like,NPC-like_OPC,SCG3
Malignant,NPC-like,NPC-like_OPC,EEF1B2
Malignant,NPC-like,NPC-like_OPC,SIRT2
Malignant,NPC-like,NPC-like_OPC,ENHO
Malignant,NPC-like,NPC-like_OPC,RGCC
Malignant,NPC-like,NPC-like_OPC,POLR2F
Malignant,NPC-like,NPC-like_OPC,LRRC4C
Malignant,NPC-like,NPC-like_OPC,SERPINE2
Malignant,NPC-like,NPC-like_OPC,SMOC1
Malignant,NPC-like,NPC-like_OPC,ALCAM
Malignant,NPC-like,NPC-like_OPC,PCSK1N
Malignant,NPC-like,NPC-like_OPC,LIMA1
Malignant,NPC-like,NPC-like_OPC,UCHL1
Malignant,NPC-like,NPC-like_OPC,FYN
Malignant,NPC-like,NPC-like_Prolif,HMGB1
Malignant,NPC-like,NPC-like_Prolif,HES6
Malignant,NPC-like,NPC-like_Prolif,UBE2C
Malignant,NPC-like,NPC-like_Prolif,TUBA1B
Malignant,NPC-like,NPC-like_Prolif,CENPF
Malignant,NPC-like,NPC-like_Prolif,HMGN2
Malignant,NPC-like,NPC-like_Prolif,TYMS
Malignant,NPC-like,NPC-like_Prolif,BIRC5
Malignant,NPC-like,NPC-like_Prolif,HMGB2
Malignant,NPC-like,NPC-like_Prolif,TOP2A
Malignant,NPC-like,NPC-like_Prolif,STMN1
Malignant,NPC-like,NPC-like_Prolif,MAD2L1
Malignant,NPC-like,NPC-like_Prolif,UBE2T
Malignant,NPC-like,NPC-like_Prolif,MKI67
Malignant,NPC-like,NPC-like_Prolif,TMSB15A
Malignant,NPC-like,NPC-like_Prolif,H2AZ1
Malignant,NPC-like,NPC-like_Prolif,NUSAP1
Malignant,NPC-like,NPC-like_Prolif,HMGN1
Malignant,NPC-like,NPC-like_Prolif,SMC4
Malignant,NPC-like,NPC-like_Prolif,CENPU
Malignant,NPC-like,NPC-like_Prolif,PTTG1
Malignant,NPC-like,NPC-like_Prolif,BASP1
Malignant,NPC-like,NPC-like_Prolif,DEK
Malignant,NPC-like,NPC-like_Prolif,ZWINT
Malignant,NPC-like,NPC-like_Prolif,PTMA
Malignant,NPC-like,NPC-like_neural,TUBA1A
Malignant,NPC-like,NPC-like_neural,STMN2
Malignant,NPC-like,NPC-like_neural,SOX4
Malignant,NPC-like,NPC-like_neural,STMN1
Malignant,NPC-like,NPC-like_neural,MLLT11
Malignant,NPC-like,NPC-like_neural,STMN4
Malignant,NPC-like,NPC-like_neural,MARCKSL1
Malignant,NPC-like,NPC-like_neural,TUBB2B
Malignant,NPC-like,NPC-like_neural,SOX11
Malignant,NPC-like,NPC-like_neural,ELAVL4
Malignant,NPC-like,NPC-like_neural,NNAT
Malignant,NPC-like,NPC-like_neural,DCX
Malignant,NPC-like,NPC-like_neural,NSG1
Malignant,NPC-like,NPC-like_neural,JPT1
Malignant,NPC-like,NPC-like_neural,UCHL1
Malignant,NPC-like,NPC-like_neural,TERF2IP
Malignant,NPC-like,NPC-like_neural,MAP1B
Malignant,NPC-like,NPC-like_neural,NSG2
Malignant,NPC-like,NPC-like_neural,TCF4
Malignant,NPC-like,NPC-like_neural,NFIB
Malignant,NPC-like,NPC-like_neural,DLX6-AS1
Malignant,NPC-like,NPC-like_neural,DLX5
Malignant,NPC-like,NPC-like_neural,TUBB2A
Malignant,NPC-like,NPC-like_neural,YWHAQ
Malignant,NPC-like,NPC-like_neural,CRMP1
Malignant,OPC-like,OPC-like,S100B
Malignant,OPC-like,OPC-like,GFAP
Malignant,OPC-like,OPC-like,PTPRZ1
Malignant,OPC-like,OPC-like,HSPA1A
Malignant,OPC-like,OPC-like,PMP2
Malignant,OPC-like,OPC-like,BCAN
Malignant,OPC-like,OPC-like,QKI
Malignant,OPC-like,OPC-like,NKAIN4
Malignant,OPC-like,OPC-like,ITGB8
Malignant,OPC-like,OPC-like,TSC22D4
Malignant,OPC-like,OPC-like,PLP1
Malignant,OPC-like,OPC-like,CBR1
Malignant,OPC-like,OPC-like,CNP
Malignant,OPC-like,OPC-like,NEAT1
Malignant,OPC-like,OPC-like,SPP1
Malignant,OPC-like,OPC-like,DNAJA1
Malignant,OPC-like,OPC-like,TSPAN3
Malignant,OPC-like,OPC-like,IFI16
Malignant,OPC-like,OPC-like,ADGRG1
Malignant,OPC-like,OPC-like,SOX8
Malignant,OPC-like,OPC-like,COL20A1
Malignant,OPC-like,OPC-like,ABAT
Malignant,OPC-like,OPC-like,RHOB
Malignant,OPC-like,OPC-like,SCRG1
Malignant,OPC-like,OPC-like,PLAT
Malignant,OPC-like,OPC-like_Prolif,TUBA1B
Malignant,OPC-like,OPC-like_Prolif,HNRNPA1
Malignant,OPC-like,OPC-like_Prolif,HMGN2
Malignant,OPC-like,OPC-like_Prolif,H2AZ1
Malignant,OPC-like,OPC-like_Prolif,PPIA
Malignant,OPC-like,OPC-like_Prolif,SEC61G
Malignant,OPC-like,OPC-like_Prolif,HNRNPA2B1
Malignant,OPC-like,OPC-like_Prolif,PTMA
Malignant,OPC-like,OPC-like_Prolif,HMGB2
Malignant,OPC-like,OPC-like_Prolif,HMGB1
Malignant,OPC-like,OPC-like_Prolif,LDHB
Malignant,OPC-like,OPC-like_Prolif,SUMO2
Malignant,OPC-like,OPC-like_Prolif,RAN
Malignant,OPC-like,OPC-like_Prolif,EGFR
Malignant,OPC-like,OPC-like_Prolif,TUBA1A
Malignant,OPC-like,OPC-like_Prolif,UBB
Malignant,OPC-like,OPC-like_Prolif,STMN1
Malignant,OPC-like,OPC-like_Prolif,UHRF1
Malignant,OPC-like,OPC-like_Prolif,HNRNPA3
Malignant,OPC-like,OPC-like_Prolif,TOP2A
Malignant,OPC-like,OPC-like_Prolif,TYMS
Malignant,OPC-like,OPC-like_Prolif,H2AZ2
Malignant,OPC-like,OPC-like_Prolif,PTTG1
Malignant,OPC-like,OPC-like_Prolif,FUS
Malignant,OPC-like,OPC-like_Prolif,BCAN
Monocyte,Mono,Mono_anti-infl,PLTP
Monocyte,Mono,Mono_anti-infl,C1QA
Monocyte,Mono,Mono_anti-infl,C1QC
Monocyte,Mono,Mono_anti-infl,C1QB
Monocyte,Mono,Mono_anti-infl,MS4A4A
Monocyte,Mono,Mono_anti-infl,APOE
Monocyte,Mono,Mono_anti-infl,LGMN
Monocyte,Mono,Mono_anti-infl,SLCO2B1
Monocyte,Mono,Mono_anti-infl,CD81
Monocyte,Mono,Mono_anti-infl,MARCKS
Monocyte,Mono,Mono_anti-infl,MS4A7
Monocyte,Mono,Mono_anti-infl,APOC1
Monocyte,Mono,Mono_anti-infl,FTL
Monocyte,Mono,Mono_anti-infl,GPNMB
Monocyte,Mono,Mono_anti-infl,DAB2
Monocyte,Mono,Mono_anti-infl,FOLR2
Monocyte,Mono,Mono_anti-infl,CTSD
Monocyte,Mono,Mono_anti-infl,PSAP
Monocyte,Mono,Mono_anti-infl,CD74
Monocyte,Mono,Mono_anti-infl,CTSZ
Monocyte,Mono,Mono_anti-infl,SELENOP
Monocyte,Mono,Mono_anti-infl,MSR1
Monocyte,Mono,Mono_anti-infl,FCGRT
Monocyte,Mono,Mono_anti-infl,CTSB
Monocyte,Mono,Mono_anti-infl,GRN
Monocyte,Mono,Mono_hypoxia,LDHA
Monocyte,Mono,Mono_hypoxia,S100A10
Monocyte,Mono,Mono_hypoxia,GAPDH
Monocyte,Mono,Mono_hypoxia,TPI1
Monocyte,Mono,Mono_hypoxia,VCAN
Monocyte,Mono,Mono_hypoxia,C15orf48
Monocyte,Mono,Mono_hypoxia,PGK1
Monocyte,Mono,Mono_hypoxia,CLEC5A
Monocyte,Mono,Mono_hypoxia,FTH1
Monocyte,Mono,Mono_hypoxia,ENO1
Monocyte,Mono,Mono_hypoxia,LGALS1
Monocyte,Mono,Mono_hypoxia,MIF
Monocyte,Mono,Mono_hypoxia,VIM
Monocyte,Mono,Mono_hypoxia,TIMP1
Monocyte,Mono,Mono_hypoxia,BTG1
Monocyte,Mono,Mono_hypoxia,PKM
Monocyte,Mono,Mono_hypoxia,SH3BGRL3
Monocyte,Mono,Mono_hypoxia,ALOX5AP
Monocyte,Mono,Mono_hypoxia,CXCL8
Monocyte,Mono,Mono_hypoxia,CXCL3
Monocyte,Mono,Mono_hypoxia,CD44
Monocyte,Mono,Mono_hypoxia,VEGFA
Monocyte,Mono,Mono_hypoxia,PLIN2
Monocyte,Mono,Mono_hypoxia,TREM1
Monocyte,Mono,Mono_hypoxia,SPP1
Monocyte,Mono,Mono_naive,FCN1
Monocyte,Mono,Mono_naive,S100A8
Monocyte,Mono,Mono_naive,S100A4
Monocyte,Mono,Mono_naive,LYZ
Monocyte,Mono,Mono_naive,S100A6
Monocyte,Mono,Mono_naive,S100A9
Monocyte,Mono,Mono_naive,CD52
Monocyte,Mono,Mono_naive,CSTA
Monocyte,Mono,Mono_naive,CTSS
Monocyte,Mono,Mono_naive,PLAC8
Monocyte,Mono,Mono_naive,LST1
Monocyte,Mono,Mono_naive,COTL1
Monocyte,Mono,Mono_naive,S100A12
Monocyte,Mono,Mono_naive,ATP5F1E
Monocyte,Mono,Mono_naive,CORO1A
Monocyte,Mono,Mono_naive,CFP
Monocyte,Mono,Mono_naive,DUSP1
Monocyte,Mono,Mono_naive,MNDA
Monocyte,Mono,Mono_naive,XIST
Monocyte,Mono,Mono_naive,CD48
Monocyte,Mono,Mono_naive,TOMM7
Monocyte,Mono,Mono_naive,HLA-C
Monocyte,Mono,Mono_naive,ATP5MG
Monocyte,Mono,Mono_naive,PABPC1
Monocyte,Mono,Mono_naive,COX7C
Mural_Cells,Mural_cell,Pericyte,COL4A1
Mural_Cells,Mural_cell,Pericyte,COL4A2
Mural_Cells,Mural_cell,Pericyte,PDGFRB
Mural_Cells,Mural_cell,Pericyte,PTN
Mural_Cells,Mural_cell,Pericyte,FN1
Mural_Cells,Mural_cell,Pericyte,CALD1
Mural_Cells,Mural_cell,Pericyte,RGS5
Mural_Cells,Mural_cell,Pericyte,IGFBP7
Mural_Cells,Mural_cell,Pericyte,NOTCH3
Mural_Cells,Mural_cell,Pericyte,IFITM3
Mural_Cells,Mural_cell,Pericyte,HIGD1B
Mural_Cells,Mural_cell,Pericyte,COL18A1
Mural_Cells,Mural_cell,Pericyte,PPP1R14A
Mural_Cells,Mural_cell,Pericyte,DCN
Mural_Cells,Mural_cell,Pericyte,EPAS1
Mural_Cells,Mural_cell,Pericyte,NDUFA4L2
Mural_Cells,Mural_cell,Pericyte,CCDC102B
Mural_Cells,Mural_cell,Pericyte,LHFPL6
Mural_Cells,Mural_cell,Pericyte,CYTOR
Mural_Cells,Mural_cell,Pericyte,BGN
Mural_Cells,Mural_cell,Pericyte,PLXDC1
Mural_Cells,Mural_cell,Pericyte,ITGB1
Mural_Cells,Mural_cell,Pericyte,SLC38A11
Mural_Cells,Mural_cell,Pericyte,ENPEP
Mural_Cells,Mural_cell,Pericyte,SPRY1
Mural_Cells,Mural_cell,Perivascular_fibroblast,CYP1B1
Mural_Cells,Mural_cell,Perivascular_fibroblast,C1S
Mural_Cells,Mural_cell,Perivascular_fibroblast,DCN
Mural_Cells,Mural_cell,Perivascular_fibroblast,C1R
Mural_Cells,Mural_cell,Perivascular_fibroblast,APOD
Mural_Cells,Mural_cell,Perivascular_fibroblast,PTGDS
Mural_Cells,Mural_cell,Perivascular_fibroblast,ANXA2
Mural_Cells,Mural_cell,Perivascular_fibroblast,CLDN11
Mural_Cells,Mural_cell,Perivascular_fibroblast,RARRES2
Mural_Cells,Mural_cell,Perivascular_fibroblast,FBLN1
Mural_Cells,Mural_cell,Perivascular_fibroblast,MMP2
Mural_Cells,Mural_cell,Perivascular_fibroblast,RBP1
Mural_Cells,Mural_cell,Perivascular_fibroblast,LGALS3
Mural_Cells,Mural_cell,Perivascular_fibroblast,FBLN2
Mural_Cells,Mural_cell,Perivascular_fibroblast,COLEC12
Mural_Cells,Mural_cell,Perivascular_fibroblast,CLU
Mural_Cells,Mural_cell,Perivascular_fibroblast,CST3
Mural_Cells,Mural_cell,Perivascular_fibroblast,S100A6
Mural_Cells,Mural_cell,Perivascular_fibroblast,SAT1
Mural_Cells,Mural_cell,Perivascular_fibroblast,FLRT2
Mural_Cells,Mural_cell,Perivascular_fibroblast,ISLR
Mural_Cells,Mural_cell,Perivascular_fibroblast,LTBP2
Mural_Cells,Mural_cell,Perivascular_fibroblast,IGFBP6
Mural_Cells,Mural_cell,Perivascular_fibroblast,S100A13
Mural_Cells,Mural_cell,Perivascular_fibroblast,EMP1
Mural_Cells,Mural_cell,SMC,NDUFA4L2
Mural_Cells,Mural_cell,SMC,IGFBP7
Mural_Cells,Mural_cell,SMC,LGALS1
Mural_Cells,Mural_cell,SMC,GAPDH
Mural_Cells,Mural_cell,SMC,PFN1
Mural_Cells,Mural_cell,SMC,THY1
Mural_Cells,Mural_cell,SMC,AP2S1
Mural_Cells,Mural_cell,SMC,MYL9
Mural_Cells,Mural_cell,SMC,BGN
Mural_Cells,Mural_cell,SMC,PPP1R14A
Mural_Cells,Mural_cell,SMC,PDLIM1
Mural_Cells,Mural_cell,SMC,RHOC
Mural_Cells,Mural_cell,SMC,CRIP1
Mural_Cells,Mural_cell,SMC,RACK1
Mural_Cells,Mural_cell,SMC,TMSB10
Mural_Cells,Mural_cell,SMC,TAGLN2
Mural_Cells,Mural_cell,SMC,CORO1B
Mural_Cells,Mural_cell,SMC,SERPINH1
Mural_Cells,Mural_cell,SMC,TIMP1
Mural_Cells,Mural_cell,SMC,TGFB1I1
Mural_Cells,Mural_cell,SMC,TPM2
Mural_Cells,Mural_cell,SMC,VIM
Mural_Cells,Mural_cell,SMC,MYL6
Mural_Cells,Mural_cell,SMC,MYL12A
Mural_Cells,Mural_cell,SMC,S100A11
Mural_Cells,Mural_cell,SMC_COL,COL6A3
Mural_Cells,Mural_cell,SMC_COL,COL1A1
Mural_Cells,Mural_cell,SMC_COL,COL6A1
Mural_Cells,Mural_cell,SMC_COL,COL1A2
Mural_Cells,Mural_cell,SMC_COL,COL5A1
Mural_Cells,Mural_cell,SMC_COL,S100A6
Mural_Cells,Mural_cell,SMC_COL,MT2A
Mural_Cells,Mural_cell,SMC_COL,POSTN
Mural_Cells,Mural_cell,SMC_COL,COL6A2
Mural_Cells,Mural_cell,SMC_COL,NNMT
Mural_Cells,Mural_cell,SMC_COL,MT1X
Mural_Cells,Mural_cell,SMC_COL,S100A10
Mural_Cells,Mural_cell,SMC_COL,AEBP1
Mural_Cells,Mural_cell,SMC_COL,TNC
Mural_Cells,Mural_cell,SMC_COL,TIMP1
Mural_Cells,Mural_cell,SMC_COL,SERPINE1
Mural_Cells,Mural_cell,SMC_COL,SH3BGRL3
Mural_Cells,Mural_cell,SMC_COL,EMP1
Mural_Cells,Mural_cell,SMC_COL,EMP3
Mural_Cells,Mural_cell,SMC_COL,FAP
Mural_Cells,Mural_cell,SMC_COL,ENO1
Mural_Cells,Mural_cell,SMC_COL,ANXA2
Mural_Cells,Mural_cell,SMC_COL,EMILIN1
Mural_Cells,Mural_cell,SMC_COL,LGALS1
Mural_Cells,Mural_cell,SMC_COL,S100A16
Mural_Cells,Mural_cell,SMC_prolif,TUBA1B
Mural_Cells,Mural_cell,SMC_prolif,H2AZ1
Mural_Cells,Mural_cell,SMC_prolif,STMN1
Mural_Cells,Mural_cell,SMC_prolif,PCLAF
Mural_Cells,Mural_cell,SMC_prolif,RAN
Mural_Cells,Mural_cell,SMC_prolif,PTMA
Mural_Cells,Mural_cell,SMC_prolif,CENPW
Mural_Cells,Mural_cell,SMC_prolif,TYMS
Mural_Cells,Mural_cell,SMC_prolif,RANBP1
Mural_Cells,Mural_cell,SMC_prolif,PPIA
Mural_Cells,Mural_cell,SMC_prolif,PFN1
Mural_Cells,Mural_cell,SMC_prolif,COX8A
Mural_Cells,Mural_cell,SMC_prolif,CKS1B
Mural_Cells,Mural_cell,SMC_prolif,HMGB1
Mural_Cells,Mural_cell,SMC_prolif,CHCHD2
Mural_Cells,Mural_cell,SMC_prolif,UBE2T
Mural_Cells,Mural_cell,SMC_prolif,AP2S1
Mural_Cells,Mural_cell,SMC_prolif,SLC25A5
Mural_Cells,Mural_cell,SMC_prolif,TK1
Mural_Cells,Mural_cell,SMC_prolif,UBE2C
Mural_Cells,Mural_cell,SMC_prolif,CDK1
Mural_Cells,Mural_cell,SMC_prolif,CYTOR
Mural_Cells,Mural_cell,SMC_prolif,LDHB
Mural_Cells,Mural_cell,SMC_prolif,GAPDH
Mural_Cells,Mural_cell,SMC_prolif,TUBG1
Mural_Cells,Mural_cell,Scavenging_endothelial,ITM2A
Mural_Cells,Mural_cell,Scavenging_endothelial,RGCC
Mural_Cells,Mural_cell,Scavenging_endothelial,SRGN
Mural_Cells,Mural_cell,Scavenging_endothelial,LMO2
Mural_Cells,Mural_cell,Scavenging_endothelial,SLCO2B1
Mural_Cells,Mural_cell,Scavenging_endothelial,PECAM1
Mural_Cells,Mural_cell,Scavenging_endothelial,ADGRL4
Mural_Cells,Mural_cell,Scavenging_endothelial,IVNS1ABP
Mural_Cells,Mural_cell,Scavenging_endothelial,PODXL
Mural_Cells,Mural_cell,Scavenging_endothelial,CD74
Mural_Cells,Mural_cell,Scavenging_endothelial,TM4SF18
Mural_Cells,Mural_cell,Scavenging_endothelial,ABCG2
Mural_Cells,Mural_cell,Scavenging_endothelial,SLC7A5
Mural_Cells,Mural_cell,Scavenging_endothelial,SAT1
Mural_Cells,Mural_cell,Scavenging_endothelial,HLA-DRA
Mural_Cells,Mural_cell,Scavenging_endothelial,VWF
Mural_Cells,Mural_cell,Scavenging_endothelial,SLC7A1
Mural_Cells,Mural_cell,Scavenging_endothelial,DUSP6
Mural_Cells,Mural_cell,Scavenging_endothelial,FLT1
Mural_Cells,Mural_cell,Scavenging_endothelial,SEC14L1
Mural_Cells,Mural_cell,Scavenging_endothelial,CD93
Mural_Cells,Mural_cell,Scavenging_endothelial,HLA-DRB1
Mural_Cells,Mural_cell,Scavenging_endothelial,RNASE1
Mural_Cells,Mural_cell,Scavenging_endothelial,RGS1
Mural_Cells,Mural_cell,Scavenging_endothelial,C1QC
Mural_Cells,Mural_cell,Scavenging_pericyte,CD74
Mural_Cells,Mural_cell,Scavenging_pericyte,HLA-DRA
Mural_Cells,Mural_cell,Scavenging_pericyte,RGS1
Mural_Cells,Mural_cell,Scavenging_pericyte,PLP1
Mural_Cells,Mural_cell,Scavenging_pericyte,C1QC
Mural_Cells,Mural_cell,Scavenging_pericyte,LYZ
Mural_Cells,Mural_cell,Scavenging_pericyte,SPP1
Mural_Cells,Mural_cell,Scavenging_pericyte,CCL4
Mural_Cells,Mural_cell,Scavenging_pericyte,CCL3L3
Mural_Cells,Mural_cell,Scavenging_pericyte,MTND1P23
Mural_Cells,Mural_cell,Scavenging_pericyte,MTND2P28
Mural_Cells,Mural_cell,Scavenging_pericyte,CD163
Mural_Cells,Mural_cell,Scavenging_pericyte,FYB1
Mural_Cells,Mural_cell,Scavenging_pericyte,MS4A6A
Mural_Cells,Mural_cell,Scavenging_pericyte,MTATP6P1
Mural_Cells,Mural_cell,Scavenging_pericyte,IL1B
Mural_Cells,Mural_cell,Scavenging_pericyte,ITGB2
Mural_Cells,Mural_cell,Scavenging_pericyte,FCGR3A
Mural_Cells,Mural_cell,Scavenging_pericyte,FCER1G
Mural_Cells,Mural_cell,Scavenging_pericyte,CTSB
Mural_Cells,Mural_cell,Scavenging_pericyte,KLF4
Mural_Cells,Mural_cell,Scavenging_pericyte,CPVL
Mural_Cells,Mural_cell,Scavenging_pericyte,HLA-DRB5
Mural_Cells,Mural_cell,Scavenging_pericyte,SRGN
Mural_Cells,Mural_cell,Scavenging_pericyte,CYBB
Mural_Cells,Mural_cell,VLMC,CLU
Mural_Cells,Mural_cell,VLMC,S100A6
Mural_Cells,Mural_cell,VLMC,FTH1
Mural_Cells,Mural_cell,VLMC,FTL
Mural_Cells,Mural_cell,VLMC,CRYAB
Mural_Cells,Mural_cell,VLMC,NDUFA4
Mural_Cells,Mural_cell,VLMC,MDK
Mural_Cells,Mural_cell,VLMC,GSTP1
Mural_Cells,Mural_cell,VLMC,MT2A
Mural_Cells,Mural_cell,VLMC,GPM6B
Mural_Cells,Mural_cell,VLMC,APOE
Mural_Cells,Mural_cell,VLMC,NUPR1
Mural_Cells,Mural_cell,VLMC,SLN
Mural_Cells,Mural_cell,VLMC,DBI
Mural_Cells,Mural_cell,VLMC,OCIAD2
Mural_Cells,Mural_cell,VLMC,SFRP4
Mural_Cells,Mural_cell,VLMC,PTGDS
Mural_Cells,Mural_cell,VLMC,PRDX2
Mural_Cells,Mural_cell,VLMC,PSAP
Mural_Cells,Mural_cell,VLMC,PEBP1
Mural_Cells,Mural_cell,VLMC,GPX4
Mural_Cells,Mural_cell,VLMC,BEX1
Mural_Cells,Mural_cell,VLMC,CST3
Mural_Cells,Mural_cell,VLMC,ASAH1
Mural_Cells,Mural_cell,VLMC,AP1S2
TAM_BloodDerived,TAM-BDM,TAM-BDM_INF,IFI6
TAM_BloodDerived,TAM-BDM,TAM-BDM_INF,B2M
TAM_BloodDerived,TAM-BDM,TAM-BDM_INF,LY6E
TAM_BloodDerived,TAM-BDM,TAM-BDM_INF,IFITM3
TAM_BloodDerived,TAM-BDM,TAM-BDM_INF,HLA-C
TAM_BloodDerived,TAM-BDM,TAM-BDM_INF,FCGR1A
TAM_BloodDerived,TAM-BDM,TAM-BDM_INF,TMEM176B
TAM_BloodDerived,TAM-BDM,TAM-BDM_INF,IFI44L
TAM_BloodDerived,TAM-BDM,TAM-BDM_INF,CD14
TAM_BloodDerived,TAM-BDM,TAM-BDM_INF,FCGR1BP
TAM_BloodDerived,TAM-BDM,TAM-BDM_INF,CYBA
TAM_BloodDerived,TAM-BDM,TAM-BDM_INF,ISG15
TAM_BloodDerived,TAM-BDM,TAM-BDM_INF,C1QA
TAM_BloodDerived,TAM-BDM,TAM-BDM_INF,C1QC
TAM_BloodDerived,TAM-BDM,TAM-BDM_INF,BST2
TAM_BloodDerived,TAM-BDM,TAM-BDM_INF,MX1
TAM_BloodDerived,TAM-BDM,TAM-BDM_INF,C1QB
TAM_BloodDerived,TAM-BDM,TAM-BDM_INF,FCER1G
TAM_BloodDerived,TAM-BDM,TAM-BDM_INF,FOLR2
TAM_BloodDerived,TAM-BDM,TAM-BDM_INF,TMEM176A
TAM_BloodDerived,TAM-BDM,TAM-BDM_INF,MS4A6A
TAM_BloodDerived,TAM-BDM,TAM-BDM_INF,LGALS3BP
TAM_BloodDerived,TAM-BDM,TAM-BDM_INF,GRN
TAM_BloodDerived,TAM-BDM,TAM-BDM_INF,TNFSF13B
TAM_BloodDerived,TAM-BDM,TAM-BDM_INF,SERPING1
TAM_BloodDerived,TAM-BDM,TAM-BDM_MHC,HLA-DRA
TAM_BloodDerived,TAM-BDM,TAM-BDM_MHC,HLA-DQA1
TAM_BloodDerived,TAM-BDM,TAM-BDM_MHC,HLA-DQB1
TAM_BloodDerived,TAM-BDM,TAM-BDM_MHC,HLA-DRB1
TAM_BloodDerived,TAM-BDM,TAM-BDM_MHC,HLA-DRB5
TAM_BloodDerived,TAM-BDM,TAM-BDM_MHC,CD74
TAM_BloodDerived,TAM-BDM,TAM-BDM_MHC,HLA-DMA
TAM_BloodDerived,TAM-BDM,TAM-BDM_MHC,CST3
TAM_BloodDerived,TAM-BDM,TAM-BDM_MHC,IGKC
TAM_BloodDerived,TAM-BDM,TAM-BDM_MHC,IGHA1
TAM_BloodDerived,TAM-BDM,TAM-BDM_MHC,IGLC2
TAM_BloodDerived,TAM-BDM,TAM-BDM_MHC,IGHG4
TAM_BloodDerived,TAM-BDM,TAM-BDM_MHC,CXCR4
TAM_BloodDerived,TAM-BDM,TAM-BDM_MHC,IGHG3
TAM_BloodDerived,TAM-BDM,TAM-BDM_MHC,PLD4
TAM_BloodDerived,TAM-BDM,TAM-BDM_MHC,ALDH2
TAM_BloodDerived,TAM-BDM,TAM-BDM_MHC,LYZ
TAM_BloodDerived,TAM-BDM,TAM-BDM_MHC,EEF1A1
TAM_BloodDerived,TAM-BDM,TAM-BDM_MHC,HERPUD1
TAM_BloodDerived,TAM-BDM,TAM-BDM_MHC,FXYD5
TAM_BloodDerived,TAM-BDM,TAM-BDM_MHC,JUNB
TAM_BloodDerived,TAM-BDM,TAM-BDM_MHC,IGHM
TAM_BloodDerived,TAM-BDM,TAM-BDM_MHC,IGHG1
TAM_BloodDerived,TAM-BDM,TAM-BDM_MHC,CTSH
TAM_BloodDerived,TAM-BDM,TAM-BDM_MHC,RGS2
TAM_BloodDerived,TAM-BDM,TAM-BDM_anti-infl,RHOB
TAM_BloodDerived,TAM-BDM,TAM-BDM_anti-infl,SLC1A3
TAM_BloodDerived,TAM-BDM,TAM-BDM_anti-infl,FKBP5
TAM_BloodDerived,TAM-BDM,TAM-BDM_anti-infl,NEAT1
TAM_BloodDerived,TAM-BDM,TAM-BDM_anti-infl,PADI2
TAM_BloodDerived,TAM-BDM,TAM-BDM_anti-infl,ACSL1
TAM_BloodDerived,TAM-BDM,TAM-BDM_anti-infl,APOC1
TAM_BloodDerived,TAM-BDM,TAM-BDM_anti-infl,OLR1
TAM_BloodDerived,TAM-BDM,TAM-BDM_anti-infl,KLF2
TAM_BloodDerived,TAM-BDM,TAM-BDM_anti-infl,TSC22D3
TAM_BloodDerived,TAM-BDM,TAM-BDM_anti-infl,SIGLEC10
TAM_BloodDerived,TAM-BDM,TAM-BDM_anti-infl,CTSB
TAM_BloodDerived,TAM-BDM,TAM-BDM_anti-infl,SLC11A1
TAM_BloodDerived,TAM-BDM,TAM-BDM_anti-infl,FOSB
TAM_BloodDerived,TAM-BDM,TAM-BDM_anti-infl,ID2
TAM_BloodDerived,TAM-BDM,TAM-BDM_anti-infl,EPB41L2
TAM_BloodDerived,TAM-BDM,TAM-BDM_anti-infl,CPM
TAM_BloodDerived,TAM-BDM,TAM-BDM_anti-infl,IRS2
TAM_BloodDerived,TAM-BDM,TAM-BDM_anti-infl,CD163
TAM_BloodDerived,TAM-BDM,TAM-BDM_anti-infl,GPR34
TAM_BloodDerived,TAM-BDM,TAM-BDM_anti-infl,APOC2
TAM_BloodDerived,TAM-BDM,TAM-BDM_anti-infl,MCL1
TAM_BloodDerived,TAM-BDM,TAM-BDM_anti-infl,HERPUD1
TAM_BloodDerived,TAM-BDM,TAM-BDM_anti-infl,ADORA3
TAM_BloodDerived,TAM-BDM,TAM-BDM_anti-infl,KCTD12
TAM_BloodDerived,TAM-BDM,TAM-BDM_hypoxia_MES,GAPDH
TAM_BloodDerived,TAM-BDM,TAM-BDM_hypoxia_MES,LDHA
TAM_BloodDerived,TAM-BDM,TAM-BDM_hypoxia_MES,VIM
TAM_BloodDerived,TAM-BDM,TAM-BDM_hypoxia_MES,S100A10
TAM_BloodDerived,TAM-BDM,TAM-BDM_hypoxia_MES,LGALS1
TAM_BloodDerived,TAM-BDM,TAM-BDM_hypoxia_MES,TPI1
TAM_BloodDerived,TAM-BDM,TAM-BDM_hypoxia_MES,PLIN2
TAM_BloodDerived,TAM-BDM,TAM-BDM_hypoxia_MES,ENO1
TAM_BloodDerived,TAM-BDM,TAM-BDM_hypoxia_MES,ADM
TAM_BloodDerived,TAM-BDM,TAM-BDM_hypoxia_MES,MIF
TAM_BloodDerived,TAM-BDM,TAM-BDM_hypoxia_MES,CSTB
TAM_BloodDerived,TAM-BDM,TAM-BDM_hypoxia_MES,PGK1
TAM_BloodDerived,TAM-BDM,TAM-BDM_hypoxia_MES,BNIP3
TAM_BloodDerived,TAM-BDM,TAM-BDM_hypoxia_MES,SPP1
TAM_BloodDerived,TAM-BDM,TAM-BDM_hypoxia_MES,ERO1A
TAM_BloodDerived,TAM-BDM,TAM-BDM_hypoxia_MES,MT2A
TAM_BloodDerived,TAM-BDM,TAM-BDM_hypoxia_MES,ALDOA
TAM_BloodDerived,TAM-BDM,TAM-BDM_hypoxia_MES,SEC61G
TAM_BloodDerived,TAM-BDM,TAM-BDM_hypoxia_MES,PKM
TAM_BloodDerived,TAM-BDM,TAM-BDM_hypoxia_MES,HK2
TAM_BloodDerived,TAM-BDM,TAM-BDM_hypoxia_MES,UPP1
TAM_BloodDerived,TAM-BDM,TAM-BDM_hypoxia_MES,SLC2A3
TAM_BloodDerived,TAM-BDM,TAM-BDM_hypoxia_MES,VCAN
TAM_BloodDerived,TAM-BDM,TAM-BDM_hypoxia_MES,NDRG1
TAM_BloodDerived,TAM-BDM,TAM-BDM_hypoxia_MES,MT1X
TAM_Microglial,TAM-MG,TAM-MG_aging_sig,C3
TAM_Microglial,TAM-MG,TAM-MG_aging_sig,CYFIP1
TAM_Microglial,TAM-MG,TAM-MG_aging_sig,A2M
TAM_Microglial,TAM-MG,TAM-MG_aging_sig,MS4A6A
TAM_Microglial,TAM-MG,TAM-MG_aging_sig,CYBA
TAM_Microglial,TAM-MG,TAM-MG_aging_sig,APMAP
TAM_Microglial,TAM-MG,TAM-MG_aging_sig,CD81
TAM_Microglial,TAM-MG,TAM-MG_aging_sig,PIH1D1
TAM_Microglial,TAM-MG,TAM-MG_aging_sig,C1QA
TAM_Microglial,TAM-MG,TAM-MG_aging_sig,CPVL
TAM_Microglial,TAM-MG,TAM-MG_aging_sig,FCGBP
TAM_Microglial,TAM-MG,TAM-MG_aging_sig,RAC1
TAM_Microglial,TAM-MG,TAM-MG_aging_sig,SORL1
TAM_Microglial,TAM-MG,TAM-MG_aging_sig,ARL6IP5
TAM_Microglial,TAM-MG,TAM-MG_aging_sig,ARPC1B
TAM_Microglial,TAM-MG,TAM-MG_aging_sig,IFNGR1
TAM_Microglial,TAM-MG,TAM-MG_aging_sig,GNAI2
TAM_Microglial,TAM-MG,TAM-MG_aging_sig,PLXDC2
TAM_Microglial,TAM-MG,TAM-MG_aging_sig,PTPRC
TAM_Microglial,TAM-MG,TAM-MG_aging_sig,LPAR6
TAM_Microglial,TAM-MG,TAM-MG_aging_sig,CX3CR1
TAM_Microglial,TAM-MG,TAM-MG_aging_sig,TGFBR1
TAM_Microglial,TAM-MG,TAM-MG_aging_sig,APBB1IP
TAM_Microglial,TAM-MG,TAM-MG_aging_sig,IGSF6
TAM_Microglial,TAM-MG,TAM-MG_aging_sig,TMIGD3
TAM_Microglial,TAM-MG,TAM-MG_pro-infl_I,CEBPD
TAM_Microglial,TAM-MG,TAM-MG_pro-infl_I,APOE
TAM_Microglial,TAM-MG,TAM-MG_pro-infl_I,B2M
TAM_Microglial,TAM-MG,TAM-MG_pro-infl_I,HLA-DQB1
TAM_Microglial,TAM-MG,TAM-MG_pro-infl_I,IFI44L
TAM_Microglial,TAM-MG,TAM-MG_pro-infl_I,CD74
TAM_Microglial,TAM-MG,TAM-MG_pro-infl_I,GPR34
TAM_Microglial,TAM-MG,TAM-MG_pro-infl_I,CPM
TAM_Microglial,TAM-MG,TAM-MG_pro-infl_I,HLA-DQA1
TAM_Microglial,TAM-MG,TAM-MG_pro-infl_I,APOC1
TAM_Microglial,TAM-MG,TAM-MG_pro-infl_I,HLA-DRA
TAM_Microglial,TAM-MG,TAM-MG_pro-infl_I,PSAP
TAM_Microglial,TAM-MG,TAM-MG_pro-infl_I,RGS1
TAM_Microglial,TAM-MG,TAM-MG_pro-infl_I,ZFP36L2
TAM_Microglial,TAM-MG,TAM-MG_pro-infl_I,LY6E
TAM_Microglial,TAM-MG,TAM-MG_pro-infl_I,MARCKS
TAM_Microglial,TAM-MG,TAM-MG_pro-infl_I,IFI6
TAM_Microglial,TAM-MG,TAM-MG_pro-infl_I,HLA-DRB1
TAM_Microglial,TAM-MG,TAM-MG_pro-infl_I,BRI3
TAM_Microglial,TAM-MG,TAM-MG_pro-infl_I,FKBP5
TAM_Microglial,TAM-MG,TAM-MG_pro-infl_I,ASAH1
TAM_Microglial,TAM-MG,TAM-MG_pro-infl_I,TSC22D3
TAM_Microglial,TAM-MG,TAM-MG_pro-infl_I,SLC11A1
TAM_Microglial,TAM-MG,TAM-MG_pro-infl_I,HERPUD1
TAM_Microglial,TAM-MG,TAM-MG_pro-infl_I,TXNIP
TAM_Microglial,TAM-MG,TAM-MG_pro-infl_II,CD83
TAM_Microglial,TAM-MG,TAM-MG_pro-infl_II,NR4A1
TAM_Microglial,TAM-MG,TAM-MG_pro-infl_II,PPP1R15A
TAM_Microglial,TAM-MG,TAM-MG_pro-infl_II,CCL4
TAM_Microglial,TAM-MG,TAM-MG_pro-infl_II,DNAJB1
TAM_Microglial,TAM-MG,TAM-MG_pro-infl_II,KLF6
TAM_Microglial,TAM-MG,TAM-MG_pro-infl_II,HSPA1A
TAM_Microglial,TAM-MG,TAM-MG_pro-infl_II,HSPH1
TAM_Microglial,TAM-MG,TAM-MG_pro-infl_II,MALAT1
TAM_Microglial,TAM-MG,TAM-MG_pro-infl_II,HSP90AA1
TAM_Microglial,TAM-MG,TAM-MG_pro-infl_II,NFKBIA
TAM_Microglial,TAM-MG,TAM-MG_pro-infl_II,NR4A2
TAM_Microglial,TAM-MG,TAM-MG_pro-infl_II,IL1B
TAM_Microglial,TAM-MG,TAM-MG_pro-infl_II,REL
TAM_Microglial,TAM-MG,TAM-MG_pro-infl_II,FOSB
TAM_Microglial,TAM-MG,TAM-MG_pro-infl_II,ATF3
TAM_Microglial,TAM-MG,TAM-MG_pro-infl_II,DNAJA1
TAM_Microglial,TAM-MG,TAM-MG_pro-infl_II,KLF2
TAM_Microglial,TAM-MG,TAM-MG_pro-infl_II,CCL3L3
TAM_Microglial,TAM-MG,TAM-MG_pro-infl_II,HSPA1B
TAM_Microglial,TAM-MG,TAM-MG_pro-infl_II,IER3
TAM_Microglial,TAM-MG,TAM-MG_pro-infl_II,NR4A3
TAM_Microglial,TAM-MG,TAM-MG_pro-infl_II,HSP90AB1
TAM_Microglial,TAM-MG,TAM-MG_pro-infl_II,NEAT1
TAM_Microglial,TAM-MG,TAM-MG_pro-infl_II,JUN
TAM_Microglial,TAM-MG,TAM-MG_prolif,GAPDH
TAM_Microglial,TAM-MG,TAM-MG_prolif,S100A9
TAM_Microglial,TAM-MG,TAM-MG_prolif,LDHA
TAM_Microglial,TAM-MG,TAM-MG_prolif,ENO1
TAM_Microglial,TAM-MG,TAM-MG_prolif,S100A8
TAM_Microglial,TAM-MG,TAM-MG_prolif,S100A11
TAM_Microglial,TAM-MG,TAM-MG_prolif,FTL
TAM_Microglial,TAM-MG,TAM-MG_prolif,LGALS1
TAM_Microglial,TAM-MG,TAM-MG_prolif,TMSB10
TAM_Microglial,TAM-MG,TAM-MG_prolif,ACTB
TAM_Microglial,TAM-MG,TAM-MG_prolif,MYL6
TAM_Microglial,TAM-MG,TAM-MG_prolif,SPP1
TAM_Microglial,TAM-MG,TAM-MG_prolif,TMSB4X
TAM_Microglial,TAM-MG,TAM-MG_prolif,ALDOA
TAM_Microglial,TAM-MG,TAM-MG_prolif,TPI1
TAM_Microglial,TAM-MG,TAM-MG_prolif,YBX1
TAM_Microglial,TAM-MG,TAM-MG_prolif,PFN1
TAM_Microglial,TAM-MG,TAM-MG_prolif,SERF2
TAM_Microglial,TAM-MG,TAM-MG_prolif,ATP5F1E
TAM_Microglial,TAM-MG,TAM-MG_prolif,PKM
TAM_Microglial,TAM-MG,TAM-MG_prolif,AIF1
TAM_Microglial,TAM-MG,TAM-MG_prolif,TUBA1B
TAM_Microglial,TAM-MG,TAM-MG_prolif,PGK1
TAM_Microglial,TAM-MG,TAM-MG_prolif,OAZ1
TAM_Microglial,TAM-MG,TAM-MG_prolif,MIF
T_Cells,CD4_CD8,CD4_INF,APOE
T_Cells,CD4_CD8,CD4_INF,TMSB4X
T_Cells,CD4_CD8,CD4_INF,CD69
T_Cells,CD4_CD8,CD4_INF,JUNB
T_Cells,CD4_CD8,CD4_INF,GPR183
T_Cells,CD4_CD8,CD4_INF,SPP1
T_Cells,CD4_CD8,CD4_INF,TRAC
T_Cells,CD4_CD8,CD4_INF,S100A11
T_Cells,CD4_CD8,CD4_INF,ISG15
T_Cells,CD4_CD8,CD4_INF,CD52
T_Cells,CD4_CD8,CD4_INF,CXCR4
T_Cells,CD4_CD8,CD4_INF,SOCS3
T_Cells,CD4_CD8,CD4_INF,NOP53
T_Cells,CD4_CD8,CD4_INF,CST3
T_Cells,CD4_CD8,CD4_INF,C1QA
T_Cells,CD4_CD8,CD4_INF,CD48
T_Cells,CD4_CD8,CD4_INF,CCL3L3
T_Cells,CD4_CD8,CD4_INF,FOS
T_Cells,CD4_CD8,CD4_INF,S100A4
T_Cells,CD4_CD8,CD4_INF,DUSP1
T_Cells,CD4_CD8,CD4_INF,C1QB
T_Cells,CD4_CD8,CD4_INF,MALAT1
T_Cells,CD4_CD8,CD4_INF,ANXA1
T_Cells,CD4_CD8,CD4_INF,IGLC2
T_Cells,CD4_CD8,CD4_INF,MYL12A
T_Cells,CD4_CD8,CD4_rest,IL7R
T_Cells,CD4_CD8,CD4_rest,TPT1
T_Cells,CD4_CD8,CD4_rest,KLRB1
T_Cells,CD4_CD8,CD4_rest,CD52
T_Cells,CD4_CD8,CD4_rest,FXYD5
T_Cells,CD4_CD8,CD4_rest,S100A11
T_Cells,CD4_CD8,CD4_rest,S100A4
T_Cells,CD4_CD8,CD4_rest,CD40LG
T_Cells,CD4_CD8,CD4_rest,FLT3LG
T_Cells,CD4_CD8,CD4_rest,TXNIP
T_Cells,CD4_CD8,CD4_rest,CAPG
T_Cells,CD4_CD8,CD4_rest,PLCG2
T_Cells,CD4_CD8,CD4_rest,ALOX5AP
T_Cells,CD4_CD8,CD4_rest,MAL
T_Cells,CD4_CD8,CD4_rest,FKBP11
T_Cells,CD4_CD8,CD4_rest,GPR171
T_Cells,CD4_CD8,CD4_rest,AQP3
T_Cells,CD4_CD8,CD4_rest,TIMP1
T_Cells,CD4_CD8,CD4_rest,CISH
T_Cells,CD4_CD8,CD4_rest,NCF1
T_Cells,CD4_CD8,CD4_rest,NOSIP
T_Cells,CD4_CD8,CD4_rest,IFI44L
T_Cells,CD4_CD8,CD4_rest,IFI44
T_Cells,CD4_CD8,CD4_rest,TRADD
T_Cells,CD4_CD8,CD4_rest,TMEM123
T_Cells,CD4_CD8,CD8_EM,JUNB
T_Cells,CD4_CD8,CD8_EM,ZFP36L2
T_Cells,CD4_CD8,CD8_EM,SARAF
T_Cells,CD4_CD8,CD8_EM,BTG1
T_Cells,CD4_CD8,CD8_EM,ZFP36
T_Cells,CD4_CD8,CD8_EM,DNAJB1
T_Cells,CD4_CD8,CD8_EM,PABPC1
T_Cells,CD4_CD8,CD8_EM,TSC22D3
T_Cells,CD4_CD8,CD8_EM,TNFAIP3
T_Cells,CD4_CD8,CD8_EM,DUSP1
T_Cells,CD4_CD8,CD8_EM,CXCR4
T_Cells,CD4_CD8,CD8_EM,EEF2
T_Cells,CD4_CD8,CD8_EM,IL7R
T_Cells,CD4_CD8,CD8_EM,FOS
T_Cells,CD4_CD8,CD8_EM,ZNF331
T_Cells,CD4_CD8,CD8_EM,PPP1R15A
T_Cells,CD4_CD8,CD8_EM,HSPA8
T_Cells,CD4_CD8,CD8_EM,SLC2A3
T_Cells,CD4_CD8,CD8_EM,LEPROTL1
T_Cells,CD4_CD8,CD8_EM,NR4A2
T_Cells,CD4_CD8,CD8_EM,EEF1G
T_Cells,CD4_CD8,CD8_EM,IFITM1
T_Cells,CD4_CD8,CD8_EM,CREM
T_Cells,CD4_CD8,CD8_EM,JUN
T_Cells,CD4_CD8,CD8_EM,CD69
T_Cells,CD4_CD8,CD8_NK_sig,NKG7
T_Cells,CD4_CD8,CD8_NK_sig,GNLY
T_Cells,CD4_CD8,CD8_NK_sig,KLRD1
T_Cells,CD4_CD8,CD8_NK_sig,PRF1
T_Cells,CD4_CD8,CD8_NK_sig,GZMB
T_Cells,CD4_CD8,CD8_NK_sig,CTSW
T_Cells,CD4_CD8,CD8_NK_sig,FGFBP2
T_Cells,CD4_CD8,CD8_NK_sig,CST7
T_Cells,CD4_CD8,CD8_NK_sig,KLRF1
T_Cells,CD4_CD8,CD8_NK_sig,GZMH
T_Cells,CD4_CD8,CD8_NK_sig,FCGR3A
T_Cells,CD4_CD8,CD8_NK_sig,HOPX
T_Cells,CD4_CD8,CD8_NK_sig,SPON2
T_Cells,CD4_CD8,CD8_NK_sig,PLAC8
T_Cells,CD4_CD8,CD8_NK_sig,CCL4
T_Cells,CD4_CD8,CD8_NK_sig,TYROBP
T_Cells,CD4_CD8,CD8_NK_sig,LITAF
T_Cells,CD4_CD8,CD8_NK_sig,GZMM
T_Cells,CD4_CD8,CD8_NK_sig,PLEK
T_Cells,CD4_CD8,CD8_NK_sig,ITGB2
T_Cells,CD4_CD8,CD8_NK_sig,CCL5
T_Cells,CD4_CD8,CD8_NK_sig,S1PR5
T_Cells,CD4_CD8,CD8_NK_sig,EFHD2
T_Cells,CD4_CD8,CD8_NK_sig,KLRB1
T_Cells,CD4_CD8,CD8_NK_sig,ADGRG1
T_Cells,CD4_CD8,CD8_cytotoxic,CCL5
T_Cells,CD4_CD8,CD8_cytotoxic,CD8A
T_Cells,CD4_CD8,CD8_cytotoxic,GZMK
T_Cells,CD4_CD8,CD8_cytotoxic,GZMH
T_Cells,CD4_CD8,CD8_cytotoxic,CD8B
T_Cells,CD4_CD8,CD8_cytotoxic,GZMA
T_Cells,CD4_CD8,CD8_cytotoxic,CCL4
T_Cells,CD4_CD8,CD8_cytotoxic,PTPRCAP
T_Cells,CD4_CD8,CD8_cytotoxic,CST7
T_Cells,CD4_CD8,CD8_cytotoxic,NKG7
T_Cells,CD4_CD8,CD8_cytotoxic,CTSW
T_Cells,CD4_CD8,CD8_cytotoxic,ITM2C
T_Cells,CD4_CD8,CD8_cytotoxic,CD3E
T_Cells,CD4_CD8,CD8_cytotoxic,CD74
T_Cells,CD4_CD8,CD8_cytotoxic,HCST
T_Cells,CD4_CD8,CD8_cytotoxic,GZMM
T_Cells,CD4_CD8,CD8_cytotoxic,PTPRC
T_Cells,CD4_CD8,CD8_cytotoxic,PLAAT4
T_Cells,CD4_CD8,CD8_cytotoxic,ALOX5AP
T_Cells,CD4_CD8,CD8_cytotoxic,ZNF683
T_Cells,CD4_CD8,CD8_cytotoxic,EEF1G
T_Cells,CD4_CD8,CD8_cytotoxic,IFITM1
T_Cells,CD4_CD8,CD8_cytotoxic,RESF1
T_Cells,CD4_CD8,CD8_cytotoxic,CD3G
T_Cells,CD4_CD8,CD8_cytotoxic,HSPA1B
T_Cells,CD4_CD8,Prolif_T,STMN1
T_Cells,CD4_CD8,Prolif_T,HMGN2
T_Cells,CD4_CD8,Prolif_T,TUBA1B
T_Cells,CD4_CD8,Prolif_T,HMGB1
T_Cells,CD4_CD8,Prolif_T,HMGB2
T_Cells,CD4_CD8,Prolif_T,GAPDH
T_Cells,CD4_CD8,Prolif_T,H2AZ1
T_Cells,CD4_CD8,Prolif_T,TYMS
T_Cells,CD4_CD8,Prolif_T,PCLAF
T_Cells,CD4_CD8,Prolif_T,H2AZ2
T_Cells,CD4_CD8,Prolif_T,RAN
T_Cells,CD4_CD8,Prolif_T,CARHSP1
T_Cells,CD4_CD8,Prolif_T,SMC4
T_Cells,CD4_CD8,Prolif_T,COX8A
T_Cells,CD4_CD8,Prolif_T,MKI67
T_Cells,CD4_CD8,Prolif_T,PTMA
T_Cells,CD4_CD8,Prolif_T,DEK
T_Cells,CD4_CD8,Prolif_T,CKS1B
T_Cells,CD4_CD8,Prolif_T,DUT
T_Cells,CD4_CD8,Prolif_T,PFN1
T_Cells,CD4_CD8,Prolif_T,PCNA
T_Cells,CD4_CD8,Prolif_T,ACTB
T_Cells,CD4_CD8,Prolif_T,NUSAP1
T_Cells,CD4_CD8,Prolif_T,CFL1
T_Cells,CD4_CD8,Prolif_T,ANP32B
T_Cells,CD4_CD8,Reg_T,IL32
T_Cells,CD4_CD8,Reg_T,FOXP3
T_Cells,CD4_CD8,Reg_T,TNFRSF4
T_Cells,CD4_CD8,Reg_T,TNFRSF18
T_Cells,CD4_CD8,Reg_T,CTLA4
T_Cells,CD4_CD8,Reg_T,TIGIT
T_Cells,CD4_CD8,Reg_T,BATF
T_Cells,CD4_CD8,Reg_T,IL2RA
T_Cells,CD4_CD8,Reg_T,S100A4
T_Cells,CD4_CD8,Reg_T,CARD16
T_Cells,CD4_CD8,Reg_T,SAT1
T_Cells,CD4_CD8,Reg_T,CORO1B
T_Cells,CD4_CD8,Reg_T,CTSC
T_Cells,CD4_CD8,Reg_T,TBC1D4
T_Cells,CD4_CD8,Reg_T,UGP2
T_Cells,CD4_CD8,Reg_T,CD27
T_Cells,CD4_CD8,Reg_T,GBP2
T_Cells,CD4_CD8,Reg_T,BIRC3
T_Cells,CD4_CD8,Reg_T,RGS1
T_Cells,CD4_CD8,Reg_T,TRAC
T_Cells,CD4_CD8,Reg_T,DNPH1
T_Cells,CD4_CD8,Reg_T,TNFRSF1B
T_Cells,CD4_CD8,Reg_T,ACP5
T_Cells,CD4_CD8,Reg_T,GLRX
T_Cells,CD4_CD8,Reg_T,LINC01943
T_Cells,CD4_CD8,Stress_sig,HSP90AB1
T_Cells,CD4_CD8,Stress_sig,HSP90AA1
T_Cells,CD4_CD8,Stress_sig,JUND
T_Cells,CD4_CD8,Stress_sig,HSPD1
T_Cells,CD4_CD8,Stress_sig,HSPH1
T_Cells,CD4_CD8,Stress_sig,DNAJB1
T_Cells,CD4_CD8,Stress_sig,MYH9
T_Cells,CD4_CD8,Stress_sig,GZMK
T_Cells,CD4_CD8,Stress_sig,TNFAIP3
T_Cells,CD4_CD8,Stress_sig,CD81
T_Cells,CD4_CD8,Stress_sig,JUN
T_Cells,CD4_CD8,Stress_sig,STK17A
T_Cells,CD4_CD8,Stress_sig,KLF6
T_Cells,CD4_CD8,Stress_sig,ZFP36L2
T_Cells,CD4_CD8,Stress_sig,PTPRC
T_Cells,CD4_CD8,Stress_sig,DNAJA1
T_Cells,CD4_CD8,Stress_sig,TXNIP
T_Cells,CD4_CD8,Stress_sig,SMAP2
T_Cells,CD4_CD8,Stress_sig,GNAS
T_Cells,CD4_CD8,Stress_sig,CLDND1
T_Cells,CD4_CD8,Stress_sig,CCL5
T_Cells,CD4_CD8,Stress_sig,MAP2K2
T_Cells,CD4_CD8,Stress_sig,AHNAK
T_Cells,CD4_CD8,Stress_sig,HSPA8
T_Cells,CD4_CD8,Stress_sig,SARAF
